"date","cases","hospitalization","deaths","positivetests","hospital_intake_rivm","Hospital_Intake_Proven","Hospital_Intake_Suspected","IC_Intake_Proven","IC_Intake_Suspected","IC_Current","ICs_Used","IC_Cumulative","Hospital_Currently","IC_Deaths_Cumulative","IC_Discharge_Cumulative","IC_Discharge_InHospital","Hospital_Cumulative","Hospital_Intake","IC_Intake","Hosp_Intake_Suspec_Cumul","IC_Intake_Suspected_Cumul","IC_Intake_Proven_Cumsum","IC_Bedden_COVID","IC_Bedden_Non_COVID","Kliniek_Bedden","IC_Nieuwe_Opnames_COVID","Kliniek_Nieuwe_Opnames_COVID","new.infection","corrections.cases","net.infection","new.hospitals","corrections.hospitals","net.hospitals","new.deaths","corrections.deaths","net.deaths","positive_7daverage","infections.today.nursery","infections.total.nursery","deaths.today.nursery","deaths.total.nursery","mutations.locations.nursery","total.current.locations.nursery","values.tested_total","values.infected","values.infected_percentage","pos.rate.3d.avg"
2020-02-27,1,NA,0,0,0,2,2,1,0,13,9,13,62,0,0,0,65,4,1,2,0,1,7,NA,1,NA,NA,NA,NA,NA,NA,NA,NA,NA,NA,NA,NA,NA,NA,NA,NA,NA,NA,NA,NA,NA,NA
2020-02-28,2,NA,0,1,NA,4,0,0,1,14,10,14,66,0,0,0,69,4,1,2,1,1,8,NA,9,NA,NA,NA,NA,NA,NA,NA,NA,NA,NA,NA,NA,NA,NA,NA,NA,NA,NA,NA,NA,NA,NA
2020-02-29,7,NA,0,5,NA,1,0,1,0,15,10,15,66,0,0,0,70,1,1,2,1,2,9,NA,10,NA,NA,NA,NA,NA,NA,NA,NA,NA,NA,NA,NA,NA,NA,NA,NA,NA,NA,NA,NA,NA,NA
2020-03-01,10,NA,0,3,NA,7,1,2,0,17,11,17,73,0,0,1,77,8,2,3,1,4,11,NA,20,NA,NA,NA,NA,NA,NA,NA,NA,NA,NA,NA,NA,NA,NA,NA,NA,NA,NA,NA,NA,NA,NA
2020-03-02,18,NA,0,8,NA,10,1,0,0,16,10,17,84,0,0,1,88,11,0,4,1,4,10,NA,34,NA,NA,NA,NA,NA,NA,NA,NA,NA,NA,NA,NA,NA,NA,NA,NA,NA,NA,NA,NA,NA,NA
2020-03-03,24,NA,0,6,NA,8,0,2,0,18,10,19,91,0,0,1,96,8,2,4,1,6,12,NA,40,NA,NA,NA,NA,NA,NA,NA,NA,NA,NA,NA,NA,NA,NA,NA,NA,NA,NA,NA,NA,NA,NA
2020-03-04,38,NA,0,14,NA,10,3,3,0,21,12,22,103,0,2,1,109,13,3,7,1,9,15,NA,53,NA,NA,NA,NA,NA,NA,NA,NA,NA,NA,NA,NA,NA,NA,NA,NA,NA,NA,NA,NA,NA,NA
2020-03-05,82,NA,0,44,NA,11,1,1,1,21,14,24,112,0,2,1,120,12,2,8,2,10,15,NA,65,NA,NA,NA,NA,NA,NA,NA,NA,NA,NA,NA,NA,NA,NA,NA,NA,NA,NA,NA,NA,NA,NA
2020-03-06,128,NA,1,46,NA,21,1,4,0,24,17,28,130,0,2,2,139,22,4,9,2,14,19,NA,77,NA,NA,NA,NA,NA,NA,NA,NA,NA,NA,NA,NA,NA,NA,NA,NA,NA,NA,NA,NA,NA,NA
2020-03-07,188,NA,1,60,NA,7,3,3,0,26,17,31,138,0,3,1,147,10,3,12,2,17,21,NA,93,NA,NA,NA,NA,NA,NA,NA,NA,NA,NA,NA,NA,NA,NA,NA,NA,NA,NA,NA,NA,NA,NA
2020-03-08,265,NA,3,77,NA,18,4,5,0,32,21,36,156,2,3,1,167,22,5,16,2,22,27,NA,108,NA,NA,NA,NA,NA,NA,NA,NA,NA,NA,NA,NA,NA,NA,NA,NA,NA,NA,NA,NA,NA,NA
2020-03-09,321,NA,3,56,NA,28,5,6,2,38,22,44,182,2,3,1,198,33,8,21,4,28,32,NA,141,NA,NA,NA,NA,NA,NA,NA,NA,NA,NA,NA,NA,NA,NA,NA,NA,NA,NA,NA,NA,NA,NA
2020-03-10,382,NA,4,61,NA,29,4,9,1,46,24,54,206,2,3,2,228,33,10,25,5,37,39,NA,174,NA,NA,NA,NA,NA,NA,NA,NA,NA,NA,NA,NA,NA,NA,NA,NA,NA,NA,NA,NA,NA,NA
2020-03-11,503,NA,5,121,NA,44,5,10,0,54,26,64,241,4,3,2,270,49,10,30,5,47,48,NA,215,NA,NA,NA,NA,NA,NA,NA,NA,NA,NA,NA,NA,NA,NA,NA,NA,NA,NA,NA,NA,NA,NA
2020-03-12,613,86,5,110,NA,54,4,23,0,74,32,87,284,5,3,2,321,58,23,34,5,70,68,NA,283,NA,NA,NA,NA,NA,NA,NA,NA,NA,NA,NA,NA,NA,NA,NA,NA,NA,NA,NA,NA,NA,NA
2020-03-13,804,115,10,191,29,76,4,14,0,85,35,101,352,5,4,2,398,80,14,38,5,84,79,NA,350,NA,NA,NA,NA,NA,NA,NA,NA,NA,NA,NA,NA,NA,NA,NA,NA,NA,NA,NA,NA,NA,NA
2020-03-14,959,136,12,155,21,61,3,20,0,103,44,121,392,5,7,5,453,64,20,41,5,104,96,NA,424,NA,NA,NA,NA,NA,NA,NA,NA,NA,NA,NA,NA,NA,NA,NA,NA,NA,NA,NA,NA,NA,NA
2020-03-15,1135,162,20,176,26,69,8,28,1,127,51,150,440,7,7,6,524,77,29,49,6,132,120,NA,500,NA,NA,NA,NA,NA,NA,NA,NA,NA,NA,NA,NA,NA,NA,NA,NA,NA,NA,NA,NA,NA,NA
2020-03-16,1413,205,24,278,43,142,19,33,0,157,57,183,573,12,8,6,678,161,33,68,6,165,150,NA,636,NA,NA,NA,NA,NA,NA,NA,NA,NA,NA,NA,NA,NA,NA,NA,NA,NA,NA,NA,NA,NA,NA
2020-03-17,1703,314,43,290,109,145,12,35,0,185,60,218,657,14,8,9,817,157,35,80,6,200,179,NA,775,NA,NA,NA,NA,NA,NA,NA,NA,NA,NA,NA,NA,NA,NA,NA,NA,NA,NA,NA,NA,NA,NA
2020-03-18,2051,408,58,348,94,177,14,56,0,236,65,274,785,17,12,10,994,191,56,94,6,256,228,NA,966,NA,NA,NA,NA,NA,NA,NA,NA,NA,NA,NA,NA,NA,NA,NA,NA,NA,NA,NA,NA,NA,NA
2020-03-18,2051,408,58,348,94,177,14,56,0,236,65,274,785,17,12,10,994,191,56,94,6,256,228,NA,966,NA,NA,NA,NA,NA,NA,NA,NA,NA,NA,NA,NA,NA,NA,NA,NA,NA,NA,NA,NA,NA,NA
2020-03-19,2460,489,76,409,81,261,24,66,2,296,70,342,994,25,12,12,1262,285,68,118,8,322,287,NA,1234,NA,NA,NA,NA,NA,NA,NA,NA,NA,NA,NA,NA,NA,NA,NA,NA,NA,NA,NA,NA,NA,NA
2020-03-19,2460,489,76,409,81,261,24,66,2,296,70,342,994,25,12,12,1262,285,68,118,8,322,287,NA,1234,NA,NA,NA,NA,NA,NA,NA,NA,NA,NA,NA,NA,NA,NA,NA,NA,NA,NA,NA,NA,NA,NA
2020-03-20,2994,634,106,534,145,241,25,82,1,367,71,425,1167,30,14,17,1506,266,83,143,9,404,362,NA,1482,NA,NA,NA,NA,NA,NA,NA,NA,NA,NA,NA,NA,NA,NA,NA,NA,NA,NA,NA,NA,NA,NA
2020-03-21,3631,836,136,637,202,204,13,81,3,437,70,509,1247,41,16,27,1687,217,84,156,12,485,430,NA,1671,NA,NA,NA,NA,NA,NA,NA,NA,NA,NA,NA,NA,NA,NA,NA,NA,NA,NA,NA,NA,NA,NA
2020-03-22,4204,988,179,573,152,237,18,74,1,488,71,584,1350,47,18,30,1911,255,75,174,13,559,480,NA,1871,NA,NA,NA,NA,NA,NA,NA,NA,NA,NA,NA,NA,NA,NA,NA,NA,NA,NA,NA,NA,NA,NA
2020-03-23,4749,1230,213,545,242,454,23,97,3,578,71,685,1676,64,21,42,2347,477,100,197,16,656,573,NA,2244,NA,NA,NA,NA,NA,NA,NA,NA,NA,NA,NA,NA,NA,NA,NA,NA,NA,NA,NA,NA,NA,NA
2020-03-24,5560,1495,276,811,265,428,25,112,1,658,73,798,1928,74,25,47,2756,453,113,222,17,768,653,NA,2544,NA,NA,NA,NA,NA,NA,NA,NA,NA,NA,NA,NA,NA,NA,NA,NA,NA,NA,NA,NA,NA,NA
2020-03-25,6412,1836,356,852,341,442,22,120,2,759,74,919,2146,85,31,54,3170,464,122,244,19,888,752,NA,2811,NA,NA,NA,NA,NA,NA,NA,NA,NA,NA,NA,NA,NA,NA,NA,NA,NA,NA,NA,NA,NA,NA
2020-03-26,7431,2151,434,1019,315,443,32,111,4,846,74,1034,2342,103,41,57,3594,475,115,276,23,999,838,NA,2952,NA,NA,NA,NA,NA,NA,NA,NA,NA,NA,NA,NA,NA,NA,NA,NA,NA,NA,NA,NA,NA,NA
2020-03-27,8603,2500,546,1172,349,562,34,114,1,930,74,1151,2603,117,47,74,4131,596,115,310,24,1113,927,NA,3226,NA,NA,NA,NA,NA,NA,NA,NA,NA,NA,NA,NA,NA,NA,NA,NA,NA,NA,NA,NA,NA,NA
2020-03-28,9762,2954,639,1159,454,303,23,102,2,994,74,1255,2541,135,51,90,4405,326,104,333,26,1215,992,NA,3284,NA,NA,NA,NA,NA,NA,NA,NA,NA,NA,NA,NA,NA,NA,NA,NA,NA,NA,NA,NA,NA,NA
2020-03-29,10866,3483,771,1104,529,257,17,91,2,1042,74,1348,2493,160,61,103,4629,274,93,350,28,1306,1038,NA,3284,NA,NA,NA,NA,NA,NA,NA,NA,NA,NA,NA,NA,NA,NA,NA,NA,NA,NA,NA,NA,NA,NA
2020-03-30,11750,3990,864,884,507,442,29,127,2,1126,74,1477,2639,180,69,122,5029,471,129,379,30,1433,1126,NA,3232,NA,NA,NA,NA,NA,NA,NA,NA,NA,NA,NA,NA,NA,NA,NA,NA,NA,NA,NA,NA,NA,NA
2020-03-31,12595,4712,1039,845,722,309,40,112,1,1192,74,1590,2566,214,86,131,5318,349,113,419,31,1545,1191,NA,3095,NA,NA,NA,NA,NA,NA,NA,NA,NA,NA,NA,NA,NA,NA,NA,NA,NA,NA,NA,NA,NA,NA
2020-04-01,13614,5159,1173,1019,447,316,36,75,2,1209,75,1666,2469,238,104,142,5623,352,77,455,33,1620,1208,NA,2945,NA,NA,NA,NA,NA,NA,NA,NA,NA,NA,NA,NA,NA,NA,NA,NA,NA,NA,NA,NA,NA,NA
2020-04-02,14697,5784,1339,1083,625,350,37,95,3,1251,75,1764,2446,260,119,153,5953,387,98,492,36,1715,1249,NA,2807,NA,NA,NA,NA,NA,NA,NA,NA,NA,NA,NA,NA,NA,NA,NA,NA,NA,NA,NA,NA,NA,NA
2020-04-03,15723,6286,1487,1026,502,338,51,77,0,1279,75,1841,2451,292,140,160,6301,389,77,543,36,1792,1276,NA,2531,NA,NA,NA,NA,NA,NA,NA,NA,NA,NA,NA,NA,NA,NA,NA,NA,NA,NA,NA,NA,NA,NA
2020-04-04,16627,6622,1651,904,336,187,24,64,3,1286,74,1908,2241,311,154,176,6467,211,67,567,39,1856,1360,NA,2570,NA,NA,NA,NA,NA,NA,NA,NA,NA,NA,NA,NA,NA,NA,NA,NA,NA,NA,NA,NA,NA,NA
2020-04-05,17851,6875,1766,1224,253,230,21,75,3,1313,75,1987,2193,335,163,196,6666,251,78,588,42,1931,1385,NA,NA,NA,NA,NA,NA,NA,NA,NA,NA,NA,NA,NA,NA,NA,NA,NA,NA,NA,NA,NA,NA,NA,NA
2020-04-06,18803,7135,1867,952,260,329,51,61,1,1320,75,2049,2313,355,186,210,7005,380,62,639,43,1992,1409,NA,2912,NA,NA,NA,NA,NA,NA,NA,NA,NA,NA,NA,NA,NA,NA,NA,NA,NA,NA,NA,NA,NA,NA
2020-04-07,19580,7427,2101,777,292,204,51,60,2,1322,76,2111,2172,383,210,240,7221,255,62,690,45,2052,1424,NA,2713,NA,NA,NA,NA,NA,NA,NA,NA,NA,NA,NA,NA,NA,NA,NA,NA,NA,NA,NA,NA,NA,NA
2020-04-08,20549,7735,2248,969,308,209,32,58,0,1291,76,2169,2032,400,235,252,7422,241,58,722,45,2110,1408,NA,2864,NA,NA,NA,NA,NA,NA,NA,NA,NA,NA,NA,NA,NA,NA,NA,NA,NA,NA,NA,NA,NA,NA
2020-04-09,21762,7972,2396,1213,237,188,35,51,1,1286,76,2221,1857,412,262,258,7608,223,52,757,46,2161,1417,NA,2733,NA,NA,NA,NA,NA,NA,NA,NA,NA,NA,NA,NA,NA,NA,NA,NA,NA,NA,NA,NA,NA,NA
2020-04-10,23097,8197,2511,1335,225,205,38,49,1,1294,75,2272,1769,440,289,265,7818,243,50,795,47,2210,1384,NA,2675,NA,NA,NA,NA,NA,NA,NA,NA,NA,NA,NA,NA,NA,NA,NA,NA,NA,NA,NA,NA,NA,NA
2020-04-11,24413,8386,2643,1316,189,133,20,28,2,1261,75,2302,1581,455,310,284,7949,153,30,815,49,2238,1391,NA,2685,NA,NA,NA,NA,NA,NA,NA,NA,NA,NA,NA,NA,NA,NA,NA,NA,NA,NA,NA,NA,NA,NA
2020-04-12,25587,8582,2737,1174,196,137,32,33,1,1242,75,2336,1525,470,328,312,8100,169,34,847,50,2271,1358,NA,2532,NA,NA,NA,NA,NA,NA,NA,NA,NA,NA,NA,NA,NA,NA,NA,NA,NA,NA,NA,NA,NA,NA
2020-04-13,26551,8729,2823,964,147,167,31,45,1,1226,75,2381,1517,491,343,336,8264,198,46,878,51,2316,1338,NA,2415,NA,NA,NA,NA,NA,NA,NA,NA,NA,NA,NA,NA,NA,NA,NA,NA,NA,NA,NA,NA,NA,NA
2020-04-14,27419,8939,2945,868,210,162,33,35,2,1204,76,2418,1529,503,393,329,8433,195,37,911,53,2351,1303,NA,2391,NA,NA,NA,NA,NA,NA,NA,NA,NA,NA,NA,NA,NA,NA,NA,NA,NA,NA,NA,NA,NA,NA
2020-04-15,28153,9127,3134,734,188,118,16,24,1,1179,76,2443,1441,519,447,328,8549,134,25,927,54,2375,1279,NA,2355,NA,NA,NA,NA,NA,NA,NA,NA,NA,NA,NA,NA,NA,NA,NA,NA,NA,NA,NA,NA,NA,NA
2020-04-16,29214,9309,3315,1061,182,118,22,28,2,1146,76,2473,1332,537,498,312,8667,140,30,949,56,2403,1258,NA,2377,NA,NA,NA,NA,NA,NA,NA,NA,NA,NA,NA,NA,NA,NA,NA,NA,NA,NA,NA,NA,NA,NA
2020-04-17,30449,9465,3459,1235,156,138,25,25,1,1116,77,2499,1289,555,546,310,8805,163,26,974,57,2428,1235,NA,2286,NA,NA,NA,NA,NA,NA,NA,NA,NA,NA,NA,NA,NA,NA,NA,NA,NA,NA,NA,NA,NA,NA
2020-04-18,31589,9594,3601,1140,129,80,14,19,0,1071,76,2518,1146,566,569,327,8879,94,19,988,57,2447,1201,356,2266,NA,NA,NA,NA,NA,NA,NA,NA,NA,NA,NA,NA,NA,NA,NA,NA,NA,NA,NA,NA,NA,NA
2020-04-19,32655,9704,3684,1066,110,83,15,20,1,1041,76,2538,1121,585,575,350,8959,98,21,1003,58,2467,1176,345,2149,NA,NA,NA,NA,NA,NA,NA,NA,NA,NA,NA,NA,NA,NA,NA,NA,NA,NA,NA,NA,NA,NA
2020-04-20,33405,9779,3751,750,75,113,23,26,1,1021,76,2565,1163,604,628,337,9067,136,27,1026,59,2493,1158,344,2165,NA,NA,NA,NA,NA,NA,NA,NA,NA,NA,NA,NA,NA,NA,NA,NA,NA,NA,NA,NA,NA,NA
2020-04-21,34134,9897,3916,729,118,117,25,23,0,985,76,2588,1115,624,681,336,9180,142,23,1051,59,2516,1087,398,2157,NA,NA,NA,NA,NA,NA,NA,NA,NA,NA,NA,NA,NA,NA,NA,NA,NA,NA,NA,NA,NA,NA
2020-04-22,34842,10021,4054,708,124,90,22,15,0,927,77,2603,1032,641,727,332,9278,112,15,1073,59,2531,1050,395,2069,NA,NA,NA,NA,NA,NA,NA,NA,NA,NA,NA,NA,NA,NA,NA,NA,NA,NA,NA,NA,NA,NA
2020-04-23,35729,10158,4177,887,137,95,36,16,0,885,77,2619,990,653,774,310,9392,131,16,1109,59,2547,1008,389,1856,NA,NA,NA,NA,NA,NA,NA,NA,NA,NA,NA,NA,NA,NA,NA,NA,NA,NA,NA,NA,NA,NA
2020-04-24,36535,10281,4289,806,123,79,24,18,1,868,76,2638,935,664,839,276,9478,103,19,1133,60,2565,963,388,1765,NA,NA,NA,NA,NA,NA,NA,NA,NA,NA,NA,NA,NA,NA,NA,NA,NA,NA,NA,NA,NA,NA
2020-04-25,37190,10381,4409,655,100,44,22,14,0,837,76,2652,810,680,855,285,9536,66,14,1155,60,2579,959,385,1746,NA,NA,NA,NA,NA,NA,NA,NA,NA,NA,NA,NA,NA,NA,NA,NA,NA,NA,NA,NA,NA,NA
2020-04-26,37845,10456,4475,655,75,43,24,13,0,809,76,2665,781,689,865,298,9592,67,13,1179,60,2592,934,395,1704,NA,NA,NA,NA,NA,NA,NA,NA,NA,NA,NA,NA,NA,NA,NA,NA,NA,NA,NA,NA,NA,NA
2020-04-27,38245,10521,4518,400,65,61,17,14,0,788,76,2679,767,700,874,315,9659,78,14,1196,60,2606,905,367,1626,NA,NA,NA,NA,NA,NA,NA,NA,NA,NA,NA,NA,NA,NA,NA,NA,NA,NA,NA,NA,NA,NA
2020-04-28,38416,10609,4566,171,88,91,25,14,1,767,76,2695,784,706,925,299,9755,116,15,1221,61,2620,861,399,1569,NA,NA,NA,NA,NA,NA,NA,NA,NA,NA,NA,NA,NA,NA,NA,NA,NA,NA,NA,NA,NA,NA
2020-04-29,38802,10685,4711,386,76,59,18,12,0,739,76,2707,724,712,962,298,9815,77,12,1239,61,2632,804,431,1575,NA,NA,NA,NA,NA,NA,NA,NA,NA,NA,NA,NA,NA,NA,NA,NA,NA,NA,NA,NA,NA,NA
2020-04-30,39316,10769,4795,514,84,63,19,17,2,716,76,2726,699,725,1004,284,9886,82,19,1258,63,2649,783,432,1471,NA,NA,NA,NA,NA,NA,NA,NA,NA,NA,NA,NA,NA,NA,NA,NA,NA,NA,NA,NA,NA,NA
2020-05-01,39791,10854,4893,475,85,52,9,9,0,681,76,2735,646,727,1043,288,9936,61,9,1267,63,2658,735,426,1468,NA,NA,NA,NA,NA,NA,NA,NA,NA,NA,NA,NA,NA,NA,NA,NA,NA,NA,NA,NA,NA,NA
2020-05-02,40236,10951,4987,445,97,27,13,9,2,643,76,2746,563,736,1058,288,9970,40,11,1280,65,2667,708,418,1494,NA,NA,NA,NA,NA,NA,NA,NA,NA,NA,NA,NA,NA,NA,NA,NA,NA,NA,NA,NA,NA,NA
2020-05-03,40571,10995,5056,335,44,36,9,11,0,629,76,2757,546,741,1065,303,10005,45,11,1289,65,2678,688,382,1380,NA,NA,NA,NA,NA,NA,NA,NA,NA,NA,NA,NA,NA,NA,NA,NA,NA,NA,NA,NA,NA,NA
2020-05-04,40770,11037,5082,199,42,59,25,11,2,619,76,2769,595,747,1108,297,10076,84,13,1314,67,2689,683,377,1333,NA,NA,NA,NA,NA,NA,NA,NA,NA,NA,NA,NA,NA,NA,NA,NA,NA,NA,NA,NA,NA,NA
2020-05-05,41087,11126,5168,317,89,28,7,3,0,577,76,2772,526,752,1123,310,10107,35,3,1321,67,2692,644,394,1333,NA,NA,NA,NA,NA,NA,NA,NA,NA,NA,NA,NA,NA,NA,NA,NA,NA,NA,NA,NA,NA,NA
2020-05-06,41319,11153,5204,232,27,60,15,6,0,550,73,2778,541,758,1160,301,10172,75,6,1336,67,2698,628,397,1352,NA,NA,NA,NA,NA,NA,NA,NA,NA,NA,NA,NA,NA,NA,NA,NA,NA,NA,NA,NA,NA,NA
2020-05-07,41774,11192,5288,455,39,46,15,9,1,528,72,2788,517,766,1200,294,10222,61,10,1351,68,2707,584,440,1286,NA,NA,NA,NA,NA,NA,NA,NA,NA,NA,NA,NA,NA,NA,NA,NA,NA,NA,NA,NA,NA,NA
2020-05-08,42093,11227,5359,319,35,55,25,7,1,497,72,2796,513,771,1237,279,10295,80,8,1376,69,2714,564,414,1189,NA,NA,NA,NA,NA,NA,NA,NA,NA,NA,NA,NA,NA,NA,NA,NA,NA,NA,NA,NA,NA,NA
2020-05-09,42382,11285,5422,289,58,30,5,5,0,475,72,2801,465,776,1245,288,10326,35,5,1381,69,2719,541,450,1132,NA,NA,NA,NA,NA,NA,NA,NA,NA,NA,NA,NA,NA,NA,NA,NA,NA,NA,NA,NA,NA,NA
2020-05-10,42627,11307,5440,245,22,25,12,4,1,457,72,2806,448,777,1248,297,10356,37,5,1393,70,2723,507,418,1054,NA,NA,NA,NA,NA,NA,NA,NA,NA,NA,NA,NA,NA,NA,NA,NA,NA,NA,NA,NA,NA,NA
2020-05-11,42788,11343,5456,161,36,45,20,7,1,451,73,2814,479,784,1289,292,10416,65,8,1413,71,2730,498,388,1118,NA,NA,NA,NA,NA,NA,NA,NA,NA,NA,NA,NA,NA,NA,NA,NA,NA,NA,NA,NA,NA,NA
2020-05-12,42984,11378,5510,196,35,27,20,2,0,409,71,2816,449,787,1331,269,10459,47,2,1433,71,2732,463,462,1110,NA,NA,NA,NA,NA,NA,NA,NA,NA,NA,NA,NA,NA,NA,NA,NA,NA,NA,NA,NA,NA,NA
2020-05-13,43211,11430,5562,227,52,38,19,3,1,392,71,2820,425,792,1366,267,10509,57,4,1452,72,2735,432,474,1031,NA,NA,NA,NA,NA,NA,NA,NA,NA,NA,NA,NA,NA,NA,NA,NA,NA,NA,NA,NA,NA,NA
2020-05-14,43481,11457,5590,270,27,25,13,8,1,366,71,2829,390,796,1393,253,10538,38,9,1465,73,2743,410,497,1029,NA,NA,NA,NA,NA,NA,NA,NA,NA,NA,NA,NA,NA,NA,NA,NA,NA,NA,NA,NA,NA,NA
2020-05-15,43681,11492,5643,200,35,32,14,3,1,350,71,2833,370,803,1428,232,10578,46,4,1479,74,2746,378,527,981,NA,NA,NA,NA,NA,NA,NA,NA,NA,NA,NA,NA,NA,NA,NA,NA,NA,NA,NA,NA,NA,NA
2020-05-16,43870,11537,5670,189,45,18,4,7,1,335,70,2841,325,805,1437,232,10596,22,8,1483,75,2753,346,522,971,NA,NA,NA,NA,NA,NA,NA,NA,NA,NA,NA,NA,NA,NA,NA,NA,NA,NA,NA,NA,NA,NA
2020-05-17,43995,11552,5680,125,15,30,10,4,0,328,70,2845,339,806,1441,236,10631,40,4,1493,75,2757,349,482,919,NA,NA,NA,NA,NA,NA,NA,NA,NA,NA,NA,NA,NA,NA,NA,NA,NA,NA,NA,NA,NA,NA
2020-05-18,44141,11579,5694,146,27,36,12,4,0,323,70,2849,371,806,1474,238,10674,48,4,1505,75,2761,323,477,909,NA,NA,NA,NA,NA,NA,NA,NA,NA,NA,NA,NA,NA,NA,NA,NA,NA,NA,NA,NA,NA,NA
2020-05-19,44249,11613,5715,108,34,18,10,1,1,290,67,2851,348,808,1506,217,10700,28,2,1515,76,2762,293,523,933,NA,NA,NA,NA,NA,NA,NA,NA,NA,NA,NA,NA,NA,NA,NA,NA,NA,NA,NA,NA,NA,NA
2020-05-20,44447,11627,5748,198,14,31,13,3,0,280,66,2854,335,814,1536,203,10738,44,3,1528,76,2765,275,527,922,NA,NA,NA,NA,NA,NA,NA,NA,NA,NA,NA,NA,NA,NA,NA,NA,NA,NA,NA,NA,NA,NA
2020-05-21,44700,11640,5775,253,13,14,5,2,0,259,66,2856,299,818,1541,209,10752,19,2,1533,76,2767,255,541,911,NA,NA,NA,NA,NA,NA,NA,NA,NA,NA,NA,NA,NA,NA,NA,NA,NA,NA,NA,NA,NA,NA
2020-05-22,44888,11649,5788,188,9,32,18,4,0,248,65,2860,330,821,1574,192,10796,50,4,1551,76,2771,252,481,863,NA,NA,NA,NA,NA,NA,NA,NA,NA,NA,NA,NA,NA,NA,NA,NA,NA,NA,NA,NA,NA,NA
2020-05-23,45064,11659,5811,176,10,13,8,4,0,233,64,2864,292,822,1577,196,10814,21,4,1559,76,2775,227,505,811,NA,NA,NA,NA,NA,NA,NA,NA,NA,NA,NA,NA,NA,NA,NA,NA,NA,NA,NA,NA,NA,NA
2020-05-24,45236,11672,5822,172,13,18,15,7,0,232,64,2871,284,823,1577,206,10838,33,7,1574,76,2782,223,499,730,NA,NA,NA,NA,NA,NA,NA,NA,NA,NA,NA,NA,NA,NA,NA,NA,NA,NA,NA,NA,NA,NA
2020-05-25,45445,11680,5830,209,8,35,21,1,0,222,64,2872,319,824,1600,210,10889,56,1,1595,76,2783,223,493,756,NA,NA,NA,NA,NA,NA,NA,NA,NA,NA,NA,NA,NA,NA,NA,NA,NA,NA,NA,NA,NA,NA
2020-05-26,45578,11690,5856,133,10,25,10,4,0,199,65,2876,312,828,1621,201,10921,35,4,1605,76,2787,188,499,698,NA,NA,NA,NA,NA,NA,NA,NA,NA,NA,NA,NA,NA,NA,NA,NA,NA,NA,NA,NA,NA,NA
2020-05-27,45768,11697,5871,190,7,16,10,3,1,185,61,2880,281,829,1644,186,10943,26,4,1615,77,2790,189,522,723,NA,NA,NA,NA,NA,NA,NA,NA,NA,NA,NA,NA,NA,NA,NA,NA,NA,NA,NA,NA,NA,NA
2020-05-28,45950,11713,5903,182,16,17,8,1,0,177,60,2881,262,831,1675,166,10962,25,1,1623,77,2791,182,559,695,NA,NA,NA,NA,NA,NA,NA,NA,NA,NA,NA,NA,NA,NA,NA,NA,NA,NA,NA,NA,NA,NA
2020-05-29,46126,11722,5931,176,9,24,12,1,2,167,59,2884,265,834,1696,153,10993,36,3,1635,79,2792,180,549,618,NA,NA,NA,NA,NA,NA,NA,NA,NA,NA,NA,NA,NA,NA,NA,NA,NA,NA,NA,NA,NA,NA
2020-05-30,46257,11727,5951,131,5,19,5,3,0,158,58,2887,248,834,1703,147,11014,24,3,1640,79,2795,170,531,589,NA,NA,NA,NA,NA,NA,NA,NA,NA,NA,NA,NA,NA,NA,NA,NA,NA,NA,NA,NA,NA,NA
2020-05-31,46442,11735,5956,185,8,12,7,3,0,160,58,2890,243,834,1703,154,11032,19,3,1647,79,2798,159,501,544,NA,NA,NA,NA,NA,NA,NA,NA,NA,NA,NA,NA,NA,NA,NA,NA,NA,NA,NA,NA,NA,NA
2020-06-01,46545,11744,5962,103,9,15,6,5,0,158,59,2895,247,837,1703,157,11049,21,5,1653,79,2803,158,488,542,NA,NA,NA,NA,NA,NA,NA,NA,NA,NA,NA,NA,NA,NA,NA,NA,NA,NA,1552,73,4.70360824742268,NA
2020-06-02,46647,11750,5967,102,6,24,17,1,0,153,59,2896,269,837,1727,151,11085,41,1,1670,79,2804,154,476,516,NA,NA,NA,NA,NA,NA,NA,NA,NA,NA,NA,NA,NA,NA,NA,NA,NA,NA,6819,203,2.97697609620179,NA
2020-06-03,46733,11759,5977,86,9,19,9,5,0,140,56,2901,261,842,1748,134,11104,28,5,1679,79,2809,116,514,496,NA,NA,NA,NA,NA,NA,NA,NA,NA,NA,NA,NA,NA,NA,NA,NA,NA,NA,8867,165,1.86083229953761,2.6
2020-06-04,46942,11771,5990,209,12,14,16,5,1,138,57,2907,246,845,1768,117,11125,30,6,1695,80,2814,113,567,481,NA,NA,NA,NA,NA,NA,NA,NA,NA,NA,NA,NA,NA,NA,NA,NA,NA,NA,9339,171,1.83103115965307,2.2
2020-06-05,47152,11782,6005,210,11,9,12,3,0,135,55,2910,228,845,1779,109,11143,21,3,1707,80,2817,97,543,469,NA,NA,NA,NA,NA,NA,NA,NA,NA,NA,NA,NA,NA,NA,NA,NA,NA,NA,9464,135,1.42645815722739,1.7
2020-06-06,47335,11785,6011,183,3,4,5,2,0,133,55,2912,194,846,1781,110,11150,9,2,1712,80,2819,96,549,456,NA,NA,NA,NA,NA,NA,NA,NA,NA,NA,NA,NA,NA,NA,NA,NA,NA,NA,7843,125,1.59377789111309,1.6
2020-06-07,47574,11789,6013,239,4,4,11,3,0,132,55,2915,193,846,1783,110,11163,15,3,1723,80,2822,96,502,443,NA,NA,NA,NA,NA,NA,NA,NA,NA,NA,NA,NA,NA,NA,NA,NA,NA,NA,4921,111,2.25563909774436,1.7
2020-06-08,47739,11794,6016,165,5,11,6,0,0,130,55,2915,193,846,1800,102,11180,17,0,1729,80,2822,92,533,400,NA,NA,NA,NA,NA,NA,NA,NA,NA,NA,NA,NA,NA,NA,NA,NA,NA,NA,9093,109,1.19872429341252,1.6
2020-06-09,47903,11800,6031,164,6,9,8,2,0,123,54,2917,173,847,1813,94,11195,17,2,1737,80,2824,91,521,346,NA,NA,NA,NA,NA,NA,NA,NA,NA,NA,NA,NA,NA,NA,NA,NA,NA,NA,10165,121,1.19035907525824,1.4
2020-06-10,48087,11805,6042,184,5,5,6,2,0,119,53,2919,157,848,1825,85,11204,11,2,1743,80,2826,80,535,333,NA,NA,NA,NA,NA,NA,NA,NA,NA,NA,NA,NA,NA,NA,NA,NA,NA,NA,9746,144,1.47752924276626,1.3
2020-06-11,48251,11808,6044,164,3,14,10,1,0,115,53,2920,162,848,1837,78,11224,24,1,1753,80,2827,77,544,297,NA,NA,NA,NA,NA,NA,NA,NA,NA,NA,NA,NA,NA,NA,NA,NA,NA,NA,9385,136,1.44912093766649,1.4
2020-06-12,48461,11813,6053,210,5,8,3,3,0,112,51,2923,153,849,1847,72,11234,11,3,1756,80,2830,73,557,279,NA,NA,NA,NA,NA,NA,NA,NA,NA,NA,NA,NA,NA,NA,NA,NA,NA,NA,8672,131,1.51060885608856,1.5
2020-06-13,48640,11822,6057,179,9,4,4,2,0,110,50,2925,134,850,1847,72,11240,8,2,1760,80,2832,77,572,289,NA,NA,NA,NA,NA,NA,NA,NA,NA,NA,NA,NA,NA,NA,NA,NA,NA,NA,6053,113,1.86684288782422,1.6
2020-06-14,48783,11828,6059,143,6,3,5,0,0,109,49,2925,133,852,1849,70,11248,8,0,1765,80,2832,79,516,277,NA,NA,NA,NA,NA,NA,NA,NA,NA,NA,NA,NA,NA,NA,NA,NA,NA,NA,3917,84,2.14449834056676,1.8
2020-06-15,48948,11831,6065,165,3,5,4,1,0,108,49,2926,136,853,1867,62,11256,9,1,1769,80,2833,87,520,281,NA,NA,NA,NA,NA,NA,NA,NA,NA,NA,NA,NA,NA,NA,NA,NA,NA,NA,10236,133,1.29933567799922,1.6
2020-06-16,49087,11834,6070,139,3,8,7,2,0,99,48,2928,136,856,1872,62,11270,15,2,1776,80,2835,78,570,280,NA,NA,NA,NA,NA,NA,NA,NA,NA,NA,NA,NA,NA,NA,NA,NA,NA,NA,10915,92,0.842876775080165,1.2
2020-06-17,49204,11836,6074,117,2,7,6,0,0,90,46,2928,128,858,1879,60,11281,13,0,1782,80,2835,73,582,289,NA,NA,NA,NA,NA,NA,NA,NA,NA,NA,NA,NA,NA,NA,NA,NA,NA,NA,10409,76,0.730137381112499,1
2020-06-18,49319,11835,6078,115,0,4,10,1,0,83,45,2929,129,859,1886,61,11294,14,1,1792,80,2836,67,568,261,NA,NA,NA,NA,NA,NA,NA,NA,NA,NA,NA,NA,NA,NA,NA,NA,NA,NA,10175,76,0.746928746928747,0.8
2020-06-19,49426,11846,6081,107,11,4,6,0,0,76,45,2929,125,860,1894,53,11303,10,0,1798,80,2836,57,592,235,NA,NA,NA,NA,NA,NA,NA,NA,NA,NA,NA,NA,NA,NA,NA,NA,NA,NA,9521,78,0.819241676294507,0.8
2020-06-20,49502,11846,6089,76,0,4,4,2,0,76,45,2931,106,861,1895,56,11308,8,2,1802,80,2838,57,602,220,NA,NA,NA,NA,NA,NA,NA,NA,NA,NA,NA,NA,NA,NA,NA,NA,NA,NA,6073,66,1.08677753993084,0.9
2020-06-21,49593,11849,6090,91,3,5,7,0,0,72,43,2931,107,862,1895,56,11319,12,0,1809,80,2838,55,573,221,NA,NA,NA,NA,NA,NA,NA,NA,NA,NA,NA,NA,NA,NA,NA,NA,NA,NA,4281,46,1.07451530016351,1
2020-06-22,49658,11851,6090,65,2,7,6,3,0,74,45,2934,110,863,1899,59,11331,13,3,1815,80,2841,59,512,194,NA,NA,NA,NA,NA,NA,NA,NA,NA,NA,NA,NA,NA,NA,NA,NA,NA,NA,11271,63,0.558956614319936,0.8
2020-06-23,49722,11853,6095,64,2,6,9,1,0,67,42,2935,111,864,1906,56,11341,15,1,1824,80,2842,48,576,211,NA,NA,NA,NA,NA,NA,NA,NA,NA,NA,NA,NA,NA,NA,NA,NA,NA,NA,11009,87,0.790262512489781,0.7
2020-06-24,49804,11859,6097,82,6,5,11,1,0,63,41,2936,110,865,1912,51,11356,16,1,1835,80,2843,49,565,197,NA,NA,NA,NA,NA,NA,NA,NA,NA,NA,NA,NA,NA,NA,NA,NA,NA,NA,9566,63,0.658582479615304,0.7
2020-06-25,49914,11863,6100,110,4,9,8,0,1,62,39,2937,118,865,1918,51,11371,17,1,1843,81,2843,49,579,178,NA,NA,NA,NA,NA,NA,NA,NA,NA,NA,NA,NA,NA,NA,NA,NA,NA,NA,10373,59,0.568784343969922,0.7
2020-06-26,50005,11868,6103,91,5,2,6,0,0,56,36,2937,114,866,1922,51,11377,8,0,1849,81,2843,39,584,190,NA,NA,NA,NA,NA,NA,NA,NA,NA,NA,NA,NA,NA,NA,NA,NA,NA,NA,8925,59,0.661064425770308,0.6
2020-06-27,50074,11868,6105,69,0,2,2,0,0,51,34,2937,93,867,1922,54,11381,4,0,1851,81,2843,29,573,180,NA,NA,NA,NA,NA,NA,NA,NA,NA,NA,NA,NA,NA,NA,NA,NA,NA,NA,5878,57,0.969717591017353,0.7
2020-06-28,50147,11871,6105,73,3,5,3,0,0,47,33,2937,95,867,1922,54,11389,8,0,1854,81,2843,30,541,178,NA,NA,NA,NA,NA,NA,NA,NA,NA,NA,NA,NA,NA,NA,NA,NA,NA,NA,4218,38,0.900900900900901,0.8
2020-06-29,50223,11874,6107,76,3,8,5,0,0,47,33,2937,104,867,1927,51,11399,13,0,1859,81,2843,32,527,157,NA,NA,NA,NA,NA,NA,NA,NA,NA,NA,NA,NA,NA,NA,NA,NA,NA,NA,11701,64,0.546961798136911,0.7
2020-06-30,50273,11877,6113,50,3,2,5,2,0,47,33,2939,89,867,1934,47,11403,7,2,1864,81,2845,29,559,160,NA,NA,NA,NA,NA,NA,NA,NA,NA,NA,NA,NA,NA,NA,NA,NA,NA,NA,12087,51,0.421940928270042,0.5
2020-07-02,50412,11878,6118,77,0,4,2,2,1,45,33,2942,80,868,1943,41,11415,6,3,1871,82,2847,25,586,125,NA,NA,89,-12,77,2,-2,0,3,0,3,NA,NA,NA,NA,NA,NA,NA,11068,59,0.533068305023491,0.5
2020-07-02,50335,11878,6115,62,1,4,2,2,1,45,33,2942,80,868,1943,41,11415,6,3,1871,82,2847,25,586,125,NA,NA,89,-12,77,2,-2,0,3,0,3,NA,NA,NA,NA,NA,NA,NA,11068,59,0.533068305023491,0.5
2020-07-03,50487,11882,6120,75,4,6,4,0,0,42,32,2942,80,868,1953,31,11423,10,0,1875,82,2847,20,587,103,NA,NA,80,-5,75,4,0,4,2,0,2,NA,NA,NA,NA,NA,NA,NA,10101,72,0.712800712800713,0.6
2020-07-04,50548,11883,6126,61,1,0,3,1,0,43,32,2943,71,868,1953,33,11425,3,1,1878,82,2848,18,574,75,NA,NA,75,-14,61,1,0,1,6,0,6,NA,NA,NA,NA,NA,NA,NA,6321,39,0.616990982439487,0.6
2020-07-05,50621,11884,6127,73,1,2,7,0,0,41,30,2943,75,868,1954,33,11432,9,0,1885,82,2848,18,543,87,NA,NA,76,-3,73,1,0,1,1,0,1,NA,NA,NA,NA,NA,NA,NA,4367,21,0.480879322189146,0.6
2020-07-06,50657,11884,6128,36,0,2,4,0,0,40,29,2943,79,869,1959,30,11438,6,0,1889,82,2848,23,538,81,NA,NA,51,-15,36,0,0,0,1,0,1,NA,NA,NA,NA,NA,NA,NA,12033,49,0.407213496218732,0.5
2020-07-07,50694,11886,6132,37,2,4,4,1,0,38,28,2944,82,870,1961,30,11445,8,1,1893,82,2849,24,537,79,NA,NA,45,-8,37,3,-1,2,4,0,4,NA,NA,NA,NA,NA,NA,NA,12209,50,0.409533950364485,0.4
2020-07-08,50746,11889,6135,52,3,4,3,2,0,35,28,2946,80,870,1966,26,11451,7,2,1896,82,2851,20,576,74,NA,NA,66,-14,52,3,0,3,3,0,3,69,NA,NA,NA,NA,NA,NA,13010,51,0.392006149116065,0.4
2020-07-09,50798,11887,6137,52,0,6,5,1,0,35,27,2947,80,870,1970,22,11459,11,1,1901,82,2852,21,586,70,NA,NA,64,-12,52,0,-2,-2,2,0,2,65,NA,NA,NA,NA,NA,NA,13072,91,0.696144430844553,0.5
2020-07-10,50840,11888,6136,42,1,7,6,1,0,36,27,2948,90,870,1970,23,11470,13,1,1907,82,2853,25,569,69,NA,NA,81,-39,42,6,-5,1,1,-2,-1,65,NA,NA,NA,NA,NA,NA,12030,76,0.631753948462178,0.6
2020-07-11,50921,11891,6137,81,3,2,2,0,0,34,25,2948,82,870,1970,23,11473,4,0,1909,82,2853,26,562,77,NA,NA,89,-8,81,4,-1,3,1,0,1,67,NA,NA,NA,NA,NA,NA,7705,96,1.24594419208306,0.8
2020-07-12,51022,11893,6137,101,2,3,3,1,0,35,25,2949,82,871,1972,22,11476,6,1,1912,82,2854,24,545,83,NA,NA,102,-1,101,3,-1,2,0,0,0,71,NA,NA,NA,NA,NA,NA,5012,47,0.937749401436552,0.9
2020-07-13,51093,11894,6137,71,1,4,4,0,0,34,25,2949,88,872,1973,23,11484,8,0,1916,82,2854,24,521,94,NA,NA,75,-4,71,2,-1,1,0,0,0,75,NA,NA,NA,NA,NA,NA,12842,94,0.731973212895188,0.9
2020-07-14,51146,11892,6135,53,0,6,4,0,0,31,25,2949,89,872,1974,23,11493,10,0,1920,82,2854,21,541,94,NA,NA,97,-44,53,3,-5,-2,1,-3,-2,82,NA,NA,NA,NA,NA,NA,13233,111,0.838812060757198,0.8
2020-07-15,51252,11897,6136,106,5,2,4,1,0,31,25,2950,82,872,1976,23,11498,6,1,1924,82,2855,20,573,85,NA,NA,117,-11,106,6,-1,5,1,0,1,89,NA,NA,NA,NA,NA,NA,13120,152,1.15853658536585,0.9
2020-07-16,51351,11898,6137,99,1,2,6,1,0,30,25,2951,78,872,1981,18,11505,8,1,1930,82,2856,15,578,80,NA,NA,125,-26,99,3,-2,1,2,-1,1,98,NA,NA,NA,NA,NA,NA,14289,142,0.993771432570509,1
2020-07-17,51454,11894,6138,103,0,6,1,0,0,30,24,2951,76,872,1981,19,11511,7,0,1931,82,2856,15,578,73,NA,NA,115,-12,103,1,-5,-4,2,-1,1,103,NA,NA,NA,NA,NA,NA,15071,150,0.995288965563002,1
2020-07-18,51581,11895,6136,127,1,6,7,0,0,29,24,2951,83,872,1981,19,11524,13,0,1938,82,2856,16,586,78,NA,NA,152,-25,127,3,-2,1,1,-3,-2,112,NA,NA,NA,NA,NA,NA,11211,144,1.28445276960128,1.1
2020-07-19,51725,11898,6136,144,3,7,1,1,0,30,24,2952,87,872,1981,20,11532,8,1,1939,82,2857,17,568,73,NA,NA,155,-11,144,3,0,3,0,0,0,119,NA,NA,NA,NA,NA,NA,8659,122,1.40893867652154,1.2
2020-07-20,51910,11900,6136,185,2,4,4,0,1,30,25,2953,90,873,1986,16,11539,8,1,1943,83,2857,16,567,81,NA,NA,186,-1,185,2,0,2,0,0,0,135,NA,NA,NA,NA,NA,NA,15130,176,1.16325181758096,1.3
2020-07-21,52073,11902,6136,163,2,6,7,2,2,32,26,2955,91,873,1988,17,11550,13,4,1950,85,2859,15,579,90,NA,NA,177,-14,163,2,0,2,1,-1,0,147,NA,NA,NA,NA,NA,NA,16125,151,0.936434108527132,1.1
2020-07-22,52241,11902,6139,168,0,4,1,1,0,32,25,2956,80,874,1992,15,11554,5,1,1951,85,2860,17,593,85,NA,NA,176,-8,168,1,-1,0,3,0,3,155,NA,NA,NA,NA,NA,NA,17363,152,0.875424753786788,1
2020-07-23,52404,11905,6139,163,3,9,6,1,0,29,23,2957,85,874,1994,15,11568,15,1,1957,85,2861,15,583,91,NA,NA,179,-16,163,3,0,3,0,0,0,163,NA,NA,NA,NA,NA,NA,17844,157,0.879847567809908,0.9
2020-07-24,52595,11904,6139,191,0,10,0,1,0,27,21,2958,83,874,1998,15,11577,10,1,1957,85,2862,17,592,74,NA,NA,215,-24,191,3,-4,-1,0,0,0,177,NA,NA,NA,NA,NA,NA,18453,197,1.06757708773641,0.9
2020-07-25,52732,11906,6140,137,2,10,3,1,0,24,21,2959,86,874,1999,16,11589,13,1,1960,85,2863,18,596,91,NA,NA,144,-7,137,3,-1,2,1,0,1,176,NA,NA,NA,NA,NA,NA,14417,178,1.23465353402233,1
2020-07-26,52946,11908,6140,214,2,4,2,3,0,25,22,2962,88,874,1999,16,11593,6,3,1962,85,2866,16,568,67,NA,NA,234,-20,214,2,0,2,0,0,0,187,NA,NA,NA,NA,NA,NA,11995,175,1.45894122551063,1.2
2020-07-27,53151,11913,6141,205,5,7,5,3,0,28,23,2965,97,874,2001,14,11604,12,3,1967,85,2869,21,516,70,NA,NA,210,-5,205,5,0,5,1,0,1,191,NA,NA,NA,NA,NA,NA,18585,258,1.38821630347054,1.4
2020-07-28,53374,11919,6145,223,6,10,2,0,0,28,23,2965,100,874,2002,13,11616,12,0,1969,85,2869,19,538,77,NA,NA,223,0,223,6,0,6,4,0,4,197,NA,NA,NA,NA,NA,NA,18355,301,1.63988014165078,1.5
2020-07-29,53621,11922,6147,247,3,4,0,0,0,27,23,2965,90,875,2003,13,11619,4,0,1969,85,2869,17,548,63,NA,NA,248,-1,247,3,0,3,2,0,2,208,NA,NA,NA,NA,NA,NA,17840,311,1.7432735426009,1.6
2020-07-30,53963,11927,6147,342,5,15,3,3,0,29,24,2968,94,875,2005,11,11636,18,3,1972,85,2872,14,564,66,NA,NA,343,-1,342,5,0,5,0,0,0,231,NA,NA,NA,NA,NA,NA,16778,426,2.5390392180236,2
2020-07-31,54301,11934,6147,338,7,11,1,4,0,32,26,2972,98,877,2005,10,11646,12,4,1973,85,2876,19,573,73,NA,NA,356,-18,338,8,-1,7,0,0,0,251,NA,NA,NA,NA,NA,NA,14192,433,3.05101465614431,2.4
2020-08-01,54732,11937,6148,431,3,9,3,2,0,33,26,2974,100,877,2006,10,11657,12,2,1976,85,2878,22,568,67,NA,NA,439,-8,431,5,-2,3,1,0,1,293,NA,NA,NA,NA,NA,NA,8440,322,3.81516587677725,3
2020-08-02,55098,11943,6149,366,6,10,2,2,0,34,26,2976,108,877,2006,10,11668,12,2,1978,85,2880,21,552,70,NA,NA,376,-10,366,6,0,6,1,0,1,314,NA,NA,NA,NA,NA,NA,7102,343,4.82962545761757,3.7
2020-08-03,55470,11949,6149,372,6,15,3,3,0,37,26,2979,118,877,2006,11,11685,18,3,1981,85,2883,27,539,82,NA,NA,382,-10,372,8,-2,6,0,0,0,338,NA,NA,NA,NA,NA,NA,15688,536,3.41662417134115,3.8
2020-08-04,55955,11959,6150,485,10,8,3,3,0,39,28,2982,111,878,2007,12,11694,11,3,1984,85,2886,26,564,83,NA,NA,491,-6,485,10,0,10,2,-1,1,376,NA,NA,NA,NA,NA,NA,16296,564,3.46097201767305,3.7
2020-08-05,56381,11964,6153,426,5,8,3,2,0,38,27,2984,107,878,2010,9,11704,11,2,1987,85,2888,30,584,88,NA,NA,432,-6,426,5,0,5,3,0,3,403,NA,NA,NA,NA,NA,NA,15961,555,3.47722573773573,3.5
2020-08-06,56982,11965,6153,601,1,12,2,2,0,40,29,2986,107,879,2011,8,11715,14,2,1989,85,2890,29,598,79,NA,NA,609,-8,601,4,-3,1,0,0,0,441,NA,NA,NA,NA,NA,NA,15109,562,3.71963730227017,3.5
2020-08-07,57501,11969,6154,519,4,13,2,1,0,40,29,2987,113,879,2012,7,11730,15,1,1991,85,2891,27,564,78,NA,NA,521,-2,519,4,0,4,1,0,1,464,NA,NA,NA,NA,NA,NA,15560,600,3.8560411311054,3.7
2020-08-08,57987,11971,6157,486,2,17,1,1,0,41,30,2988,119,879,2012,8,11748,18,1,1992,85,2892,28,576,79,NA,NA,488,-2,486,3,-1,2,3,0,3,471,NA,NA,NA,NA,NA,NA,10733,427,3.97838442187646,3.8
2020-08-09,58564,11978,6157,577,7,18,4,5,1,46,34,2994,131,881,2013,11,11766,22,6,1996,86,2897,31,545,87,NA,NA,578,-1,577,7,0,7,0,0,0,500,NA,NA,NA,NA,NA,NA,9051,412,4.55198320627555,4.1
2020-08-10,59194,11984,6157,630,6,15,4,5,0,45,34,2998,140,881,2014,11,11784,19,5,2000,86,2902,29,571,99,NA,NA,632,-2,630,6,0,6,0,0,0,536,NA,NA,NA,NA,NA,NA,15548,610,3.92333419089272,4.1
2020-08-11,59973,11994,6159,779,10,27,7,3,1,48,34,3001,161,882,2015,13,11816,34,4,2007,87,2905,30,583,97,NA,NA,807,-28,779,12,-2,10,2,0,2,581,NA,NA,NA,NA,NA,NA,14896,600,4.02792696025779,4.1
2020-08-12,60627,12003,6161,654,9,20,1,4,0,48,32,3005,166,882,2016,18,11833,21,4,2008,87,2909,35,613,117,NA,NA,658,-4,654,10,-1,9,2,0,2,613,NA,NA,NA,NA,NA,NA,15030,594,3.95209580838323,4
2020-08-13,61204,12009,6165,577,6,19,4,4,0,45,32,3009,164,882,2016,19,11853,23,4,2012,87,2913,31,612,127,NA,NA,579,-2,577,6,0,6,4,0,4,609,NA,NA,NA,NA,NA,NA,16050,542,3.37694704049844,3.8
2020-08-14,61840,12020,6167,636,11,12,4,6,0,50,34,3015,161,882,2017,21,11865,16,6,2016,87,2919,38,578,120,NA,NA,639,-3,636,11,0,11,2,0,2,626,NA,NA,NA,NA,NA,NA,16326,549,3.36273428886439,3.6
2020-08-15,62495,12027,6169,655,7,15,3,1,0,48,34,3016,157,883,2017,23,11883,18,1,2019,87,2920,39,583,124,NA,NA,657,-2,655,7,0,7,2,0,2,650,NA,NA,NA,NA,NA,NA,12672,378,2.98295454545455,3.3
2020-08-16,63002,12033,6172,507,6,16,5,4,0,49,35,3020,165,883,2018,22,11902,21,4,2024,87,2924,36,578,122,NA,NA,510,-3,507,6,0,6,3,0,3,640,NA,NA,NA,NA,NA,NA,11414,395,3.46066234448922,3.3
2020-08-17,63484,12038,6172,482,5,19,8,7,2,58,38,3029,182,885,2021,23,11926,27,9,2032,89,2931,39,565,126,NA,NA,486,-4,482,5,0,5,0,0,0,619,NA,NA,NA,NA,NA,NA,18700,537,2.8716577540107,3.1
2020-08-18,63973,12042,6175,489,4,11,1,2,0,53,38,3031,177,885,2025,22,11936,12,2,2033,89,2933,42,604,129,NA,NA,498,-9,489,4,0,4,3,0,3,575,NA,NA,NA,NA,NA,NA,19881,527,2.65077209395906,2.9
2020-08-19,64525,12060,6181,552,18,16,2,3,0,52,37,3034,179,885,2031,20,11950,18,3,2035,89,2936,41,618,125,NA,NA,557,-5,552,18,0,18,6,0,6,561,NA,NA,NA,NA,NA,NA,22169,495,2.23284767017006,2.6
2020-08-20,65054,12070,6191,529,10,25,2,6,0,54,40,3040,190,886,2034,16,11973,27,6,2037,89,2942,39,594,138,NA,NA,552,-23,529,10,0,10,10,0,10,557,NA,NA,NA,NA,NA,NA,22441,475,2.11666146784903,2.3
2020-08-21,65589,12088,6195,535,18,19,9,5,0,57,40,3045,184,887,2037,16,11997,28,5,2046,89,2947,43,603,133,NA,NA,541,-6,535,19,-1,18,4,0,4,543,NA,NA,NA,NA,NA,NA,22823,504,2.20829864610262,2.2
2020-08-22,66097,12099,6200,508,11,10,4,0,0,53,38,3045,164,887,2037,18,12011,14,0,2050,89,2947,42,591,131,NA,NA,548,-40,508,11,0,11,5,0,5,527,NA,NA,NA,NA,NA,NA,18123,476,2.6264967168791,2.3
2020-08-23,66554,12107,6200,457,8,14,2,5,0,55,40,3050,165,887,2038,18,12023,16,5,2052,89,2952,42,565,129,NA,NA,479,-22,457,8,0,8,0,0,0,523,NA,NA,NA,NA,NA,NA,15540,394,2.53539253539254,2.4
2020-08-24,67128,12111,6202,574,4,11,4,2,0,55,41,3052,169,888,2039,24,12036,15,2,2056,89,2954,41,552,121,NA,NA,591,-17,574,6,-2,4,2,0,2,538,NA,NA,NA,NA,NA,NA,23842,497,2.08455666470934,2.4
2020-08-25,67543,12126,6207,415,15,19,4,3,0,50,36,3055,176,888,2040,25,12056,23,3,2060,89,2957,38,601,120,NA,NA,454,-39,415,15,0,15,5,0,5,532,NA,NA,NA,NA,NA,NA,25085,486,1.93741279649193,2.1
2020-08-26,68114,12145,6215,571,19,12,6,0,0,48,36,3055,166,888,2046,22,12074,18,0,2066,89,2957,38,622,120,NA,NA,618,-47,571,21,-2,19,8,0,8,540,NA,NA,NA,NA,NA,NA,24384,470,1.92749343832021,2
2020-08-27,68624,12152,6218,510,7,7,1,2,1,48,35,3058,150,888,2050,22,12081,8,3,2067,90,2959,36,613,107,NA,NA,536,-26,510,7,0,7,3,0,3,538,NA,NA,NA,NA,NA,NA,24828,501,2.01788303528275,2
2020-08-28,69131,12161,6220,507,9,12,2,2,0,46,36,3060,152,889,2055,18,12093,14,2,2069,90,2961,34,607,100,NA,NA,535,-28,507,9,0,9,3,-1,2,537,NA,NA,NA,NA,NA,NA,25009,573,2.2911751769363,2.1
2020-08-29,69632,12163,6224,501,2,2,2,3,0,46,35,3063,135,889,2056,17,12096,4,3,2071,90,2964,34,577,96,NA,NA,533,-32,501,2,0,2,5,-1,4,535,NA,NA,NA,NA,NA,NA,20087,449,2.23527654702046,2.2
2020-08-30,70140,12166,6224,508,3,9,2,3,0,51,37,3066,136,890,2056,18,12107,11,3,2073,90,2967,33,558,94,NA,NA,528,-20,508,3,0,3,0,0,0,542,NA,NA,NA,NA,NA,NA,18586,498,2.67943613472506,2.4
2020-08-31,70667,12177,6224,527,11,16,3,1,0,50,36,3067,148,892,2059,18,12125,19,1,2076,90,2968,38,550,94,NA,NA,556,-29,527,11,0,11,0,0,0,537,NA,NA,NA,NA,NA,NA,24154,554,2.29361596422953,2.4
2020-09-01,71129,12182,6230,462,5,14,1,2,0,46,37,3069,147,893,2061,18,12138,15,2,2077,90,2970,33,589,93,NA,NA,484,-22,462,6,-1,5,6,0,6,541,NA,NA,NA,NA,NA,NA,27005,587,2.17367154230698,2.3
2020-09-02,71863,12188,6235,734,6,17,9,1,0,44,36,3070,154,893,2063,18,12162,26,1,2086,90,2971,32,617,90,NA,NA,745,-11,734,6,0,6,5,0,5,560,NA,NA,NA,NA,NA,NA,27140,685,2.52394988946205,2.3
2020-09-03,72464,12193,6235,601,5,12,4,4,0,46,34,3074,148,893,2066,15,12175,16,4,2090,90,2975,28,592,95,NA,NA,612,-11,601,5,0,5,2,-2,0,570,NA,NA,NA,NA,NA,NA,27076,727,2.68503471709263,2.5
2020-09-04,73208,12200,6237,744,7,17,6,4,0,50,36,3078,156,894,2067,18,12196,23,4,2096,90,2979,35,604,95,NA,NA,776,-32,744,8,-1,7,2,0,2,605,NA,NA,NA,NA,NA,NA,28151,886,3.14731270647579,2.8
2020-09-05,73862,12205,6241,654,5,18,2,1,0,46,35,3079,155,894,2067,19,12215,20,1,2098,90,2980,35,597,99,NA,NA,663,-9,654,5,0,5,5,-1,4,623,NA,NA,NA,NA,NA,NA,24018,821,3.41826963111,3.1
2020-09-06,74787,12210,6243,925,5,23,7,4,0,50,36,3083,174,894,2067,20,12239,30,4,2105,90,2984,33,576,105,NA,NA,945,-20,925,5,0,5,2,0,2,683,NA,NA,NA,NA,NA,NA,22787,904,3.96717426602888,3.5
2020-09-07,75584,12219,6243,797,9,29,5,3,0,51,36,3086,195,894,2068,22,12270,34,3,2110,90,2987,31,552,109,NA,NA,812,-15,797,9,0,9,0,0,0,720,NA,NA,NA,NA,NA,NA,27752,1041,3.75108100317094,3.7
2020-09-08,76548,12225,6244,964,6,23,5,3,0,50,33,3089,209,895,2068,25,12297,28,3,2115,90,2990,30,632,116,NA,NA,983,-19,964,8,-2,6,2,-1,1,791,NA,NA,NA,NA,NA,NA,28876,914,3.16525834603131,3.6
2020-09-09,77688,12233,6246,1140,8,34,10,4,0,51,33,3093,228,896,2070,24,12339,44,4,2125,90,2994,31,616,122,NA,NA,1162,-22,1140,10,-2,8,2,0,2,850,NA,NA,NA,NA,NA,NA,29321,947,3.22976706115071,3.4
2020-09-10,78511,12250,6249,823,17,18,4,5,0,54,33,3098,223,897,2072,22,12358,22,5,2129,90,2999,30,606,131,NA,NA,849,-26,823,17,0,17,3,0,3,884,NA,NA,NA,NA,NA,NA,29496,1126,3.81746677515595,3.4
2020-09-11,79781,12260,6252,1270,10,42,3,6,0,59,35,3104,242,897,2074,22,12396,45,6,2132,90,3005,36,609,136,NA,NA,1287,-17,1270,11,-1,10,3,0,3,957,NA,NA,NA,NA,NA,NA,29327,1259,4.29297234630204,3.8
2020-09-12,81012,12266,6253,1231,6,21,1,6,0,63,37,3110,240,897,2075,23,12416,22,6,2133,90,3011,37,596,138,NA,NA,1242,-11,1231,8,-2,6,1,0,1,1040,NA,NA,NA,NA,NA,NA,24884,1113,4.4727535765954,4.2
2020-09-13,82099,12283,6254,1087,17,25,5,4,0,65,38,3114,253,897,2075,23,12444,30,4,2138,90,3015,36,572,148,NA,NA,1112,-25,1087,17,0,17,1,0,1,1064,NA,NA,NA,NA,NA,NA,23968,1196,4.98998664886515,4.6
2020-09-14,83399,12291,6256,1300,8,52,8,10,1,76,40,3125,293,898,2078,24,12501,60,11,2146,91,3025,43,562,166,NA,NA,1308,-8,1300,9,-1,8,2,0,2,1135,NA,NA,NA,NA,NA,NA,27700,1653,5.96750902527076,5.2
2020-09-15,84778,12315,6258,1379,24,40,3,4,0,76,40,3129,302,899,2082,25,12541,43,4,2149,91,3029,53,621,187,NA,NA,1418,-39,1379,25,-1,24,2,0,2,1197,NA,NA,NA,NA,NA,NA,27738,1557,5.61323815704088,5.5
2020-09-16,86320,12330,6260,1542,15,48,8,1,0,71,41,3130,329,900,2083,27,12595,56,1,2157,91,3030,54,646,191,NA,NA,1560,-18,1542,15,0,15,2,0,2,1254,NA,NA,NA,NA,NA,NA,29331,1561,5.32201425113361,5.6
2020-09-17,88073,12344,6266,1753,14,54,8,4,0,71,42,3134,347,900,2088,25,12653,62,4,2165,91,3034,49,636,212,NA,NA,1766,-13,1753,14,0,14,6,0,6,1385,NA,NA,NA,NA,NA,NA,29391,1820,6.19237181450104,5.7
2020-09-18,90047,12356,6273,1974,12,80,2,7,0,75,41,3141,385,900,2090,25,12725,82,7,2167,91,3041,58,615,230,NA,NA,1990,-16,1974,13,-1,12,7,0,7,1485,NA,NA,NA,NA,NA,NA,28929,1992,6.8858239137198,6.1
2020-09-19,91934,12389,6275,1887,33,59,5,14,0,88,46,3155,403,901,2092,24,12782,64,14,2172,91,3055,67,588,260,NA,NA,1906,-19,1887,33,0,33,3,-1,2,1580,NA,NA,NA,NA,NA,NA,24898,1736,6.9724475861515,6.7
2020-09-20,93778,12409,6279,1844,20,51,2,13,0,99,47,3168,423,902,2092,27,12826,53,13,2174,91,3068,77,558,276,NA,NA,1846,-2,1844,20,0,20,4,0,4,1685,NA,NA,NA,NA,NA,NA,24083,1721,7.14611966947639,7
2020-09-21,95995,12435,6281,2217,26,81,3,13,0,108,49,3181,475,905,2095,24,12905,84,13,2177,91,3081,85,535,325,NA,NA,2227,-10,2217,27,-1,26,2,0,2,1816,NA,NA,NA,NA,NA,NA,28422,2147,7.55400745901063,7.2
2020-09-22,98240,12467,6291,2245,32,71,3,10,0,115,52,3192,504,905,2098,25,12973,74,10,2180,91,3091,91,627,329,NA,NA,2251,-6,2245,35,-3,32,10,0,10,1935,NA,NA,NA,NA,NA,NA,29528,2243,7.59617989704687,7.4
2020-09-23,100597,12499,6296,2357,32,94,5,13,0,124,54,3205,544,906,2103,24,13064,99,13,2185,91,3104,104,635,371,NA,NA,2370,-13,2357,32,0,32,6,-1,5,2051,NA,NA,NA,NA,NA,NA,30634,2152,7.02487432264804,7.4
2020-09-24,103141,12524,6312,2544,25,105,7,11,0,131,57,3216,593,907,2105,25,13168,112,11,2192,91,3115,106,636,395,NA,NA,2559,-15,2544,25,0,25,16,0,16,2164,NA,NA,NA,NA,NA,NA,31677,2486,7.84796540076396,7.5
2020-09-25,105918,12560,6328,2777,36,92,6,18,0,145,58,3234,622,909,2109,25,13254,98,18,2198,91,3133,116,588,431,NA,NA,2787,-10,2777,36,0,36,16,0,16,2278,NA,NA,NA,NA,NA,NA,31474,2675,8.4990786045625,7.8
2020-09-26,108631,12589,6366,2713,29,79,2,13,0,150,60,3247,618,910,2110,30,13327,81,13,2200,91,3146,122,600,433,NA,NA,2719,-6,2713,30,-1,29,38,0,38,2394,NA,NA,NA,NA,NA,NA,27502,2217,8.06123191040652,8.1
2020-09-27,111626,12626,6374,2995,37,81,5,17,1,161,60,3265,652,912,2110,37,13403,86,18,2205,92,3163,127,559,490,NA,NA,3003,-8,2995,37,0,37,9,-1,8,2559,NA,NA,NA,NA,NA,NA,26461,2478,9.36472544499452,8.6
2020-09-28,114540,12664,6380,2914,38,111,3,15,0,168,61,3280,705,914,2114,44,13507,114,15,2208,92,3178,142,529,518,NA,NA,2923,-9,2914,39,-1,38,6,0,6,2659,NA,NA,NA,NA,NA,NA,31271,2959,9.46244123948706,9
2020-09-29,117551,12710,6393,3011,46,100,6,22,1,178,63,3303,742,916,2117,52,13601,106,23,2214,93,3200,142,587,551,NA,NA,3020,-9,3011,48,-2,46,13,0,13,2769,NA,NA,NA,NA,NA,NA,32610,3055,9.36829193498927,9.4
2020-09-30,120845,12758,6406,3294,48,113,3,15,2,181,63,3319,760,919,2120,56,13709,116,17,2217,95,3215,150,599,551,NA,NA,3318,-24,3294,48,0,48,13,0,13,2904,NA,NA,NA,NA,NA,NA,34095,3127,9.17143276140196,9.3
2020-10-01,124097,12805,6419,3252,47,110,13,13,1,186,65,3332,791,923,2128,56,13825,123,14,2230,96,3228,152,611,539,NA,NA,3278,-26,3252,48,-1,47,13,0,13,3007,NA,NA,NA,NA,NA,NA,34265,3385,9.87888515978404,9.5
2020-10-02,127922,12827,6428,3825,22,122,4,14,0,186,64,3346,815,923,2131,62,13939,126,14,2234,96,3242,160,594,573,NA,NA,3839,-14,3825,22,0,22,9,0,9,3157,NA,NA,NA,NA,NA,NA,34070,3649,10.7103023187555,9.9
2020-10-03,131889,12857,6449,3967,30,137,5,19,0,195,68,3365,835,925,2135,66,14069,142,19,2239,96,3261,156,571,585,NA,NA,3976,-9,3967,31,-1,30,21,0,21,3337,NA,NA,NA,NA,NA,NA,30300,3507,11.5742574257426,10.7
2020-10-04,135892,12881,6454,4003,24,104,4,22,0,207,68,3387,878,930,2139,69,14169,108,22,2243,96,3283,163,536,647,NA,NA,4008,-5,4003,25,-1,24,5,0,5,3480,NA,NA,NA,NA,NA,NA,28487,3669,12.879559097132,11.7
2020-10-05,140471,12940,6461,4579,59,165,5,28,0,221,67,3415,981,933,2143,72,14327,170,28,2248,96,3311,177,516,715,NA,NA,4603,-24,4579,59,0,59,7,0,7,3720,NA,NA,NA,NA,NA,NA,37933,5156,13.592386576332,12.8
2020-10-06,144999,13020,6482,4528,80,156,3,34,0,243,69,3449,1025,935,2155,75,14469,159,34,2251,96,3345,190,576,785,NA,NA,4541,-13,4528,81,-1,80,22,-1,21,3938,NA,NA,NA,NA,NA,NA,41151,5795,14.0822823260674,13.6
2020-10-07,149988,13083,6518,4989,63,148,4,29,1,256,69,3479,1047,939,2164,77,14610,152,30,2255,97,3374,210,580,811,NA,NA,5003,-14,4989,63,0,63,36,0,36,4178,NA,NA,NA,NA,NA,NA,42186,5473,12.9734983169772,13.5
2020-10-08,155810,13133,6531,5822,50,158,4,22,0,261,69,3501,1072,942,2171,78,14756,162,22,2259,97,3396,228,563,842,NA,NA,5836,-14,5822,51,-1,50,13,0,13,4544,NA,NA,NA,NA,NA,NA,43095,6017,13.962176586611,13.7
2020-10-09,161781,13199,6544,5971,66,207,6,28,0,278,70,3529,1146,953,2181,84,14948,213,28,2265,97,3424,239,564,900,NA,NA,5983,-12,5971,66,0,66,15,-2,13,4850,NA,NA,NA,NA,NA,NA,43215,6031,13.9558023834317,13.6
2020-10-10,168280,13248,6567,6499,49,147,3,27,0,278,70,3556,1126,956,2191,83,15082,150,27,2268,97,3451,235,520,955,NA,NA,6528,-29,6499,50,-1,49,23,0,23,5215,NA,NA,NA,NA,NA,NA,38894,5799,14.9097547179514,14.3
2020-10-11,174653,13301,6584,6373,53,157,3,19,0,284,69,3575,1182,963,2195,92,15234,160,19,2271,97,3470,247,489,986,NA,NA,6388,-15,6373,54,-1,53,18,-1,17,5555,NA,NA,NA,NA,NA,NA,35782,5511,15.401598569113,14.7
2020-10-12,181498,13359,6596,6845,58,240,3,41,0,307,69,3616,1329,967,2205,92,15451,243,41,2274,97,3511,252,494,1046,NA,NA,6866,-21,6845,58,0,58,12,0,12,5878,NA,NA,NA,NA,NA,NA,42595,6955,16.3282075360958,15.6
2020-10-13,188876,13470,6631,7378,111,247,6,36,0,326,73,3652,1429,970,2218,92,15681,253,36,2280,97,3547,277,542,1133,NA,NA,7383,-5,7378,111,0,111,35,0,35,6284,NA,NA,NA,NA,NA,NA,44901,6912,15.3938665063139,15.7
2020-10-14,196163,13544,6663,7287,74,203,4,35,0,345,73,3687,1424,976,2225,98,15865,207,35,2284,97,3582,301,527,1174,NA,NA,7311,-24,7287,76,-2,74,32,0,32,6614,NA,NA,NA,NA,NA,NA,46380,6927,14.9353169469599,15.5
2020-10-15,203954,13618,6692,7791,74,216,7,36,3,364,73,3725,1453,978,2234,108,16059,223,39,2291,100,3618,313,503,1213,NA,NA,7908,-117,7791,77,-3,74,29,0,29,6910,NA,NA,NA,NA,NA,NA,47082,6673,14.1731447262223,14.8
2020-10-16,211938,13703,6708,7984,85,226,6,56,0,402,74,3781,1509,990,2255,108,16261,232,56,2297,100,3674,345,524,1208,NA,NA,7993,-9,7984,86,-1,85,18,-2,16,7197,NA,NA,NA,NA,NA,NA,47125,6544,13.8864721485411,14.3
2020-10-17,220052,13783,6737,8114,80,214,3,30,0,396,75,3811,1497,996,2261,112,16455,217,30,2300,100,3704,352,492,1216,42,216,8148,-34,8114,80,0,80,30,-1,29,7428,NA,NA,NA,NA,NA,NA,43427,6471,14.9008681235176,14.3
2020-10-18,228234,13852,6751,8182,69,182,5,41,0,418,75,3852,1525,1001,2266,123,16615,187,41,2305,100,3745,364,460,1288,28,206,8231,-49,8182,70,-1,69,14,0,14,7691,NA,NA,NA,NA,NA,NA,40339,6669,16.5323880116017,15
2020-10-19,236226,13936,6768,7992,84,283,11,59,1,456,76,3912,1679,1006,2277,131,16871,294,60,2316,101,3804,379,445,1359,38,184,8023,-31,7992,85,-1,84,17,0,17,7857,NA,NA,NA,NA,NA,NA,48269,8583,17.7815989558516,16.5
2020-10-20,244391,14029,6814,8165,93,245,15,49,1,482,75,3962,1740,1014,2295,133,17094,260,50,2331,102,3853,419,480,1440,55,252,8188,-23,8165,93,0,93,46,0,46,7972,NA,NA,NA,NA,NA,NA,49940,8393,16.8061674008811,17.1
2020-10-21,253134,14130,6873,8743,101,270,3,49,0,498,75,4011,1772,1024,2308,140,17339,273,49,2334,102,3902,450,456,1493,52,232,8788,-45,8743,101,0,101,60,-1,59,8183,NA,NA,NA,NA,NA,NA,48915,8248,16.8619033016457,17.1
2020-10-22,262405,14240,6919,9271,110,273,5,43,0,511,75,4054,1838,1032,2329,149,17590,278,43,2339,102,3945,463,460,1540,56,238,9286,-15,9271,111,-1,110,48,-2,46,8380,NA,NA,NA,NA,NA,NA,48891,8929,18.2630750035794,17.3
2020-10-23,272401,14352,6964,9996,112,312,11,53,0,525,75,4107,1923,1051,2347,145,17882,323,53,2350,102,3998,472,476,1601,43,248,10007,-11,9996,112,0,112,46,-1,45,8667,NA,NA,NA,NA,NA,NA,47524,8836,18.5927110512583,17.9
2020-10-24,281052,14444,7019,8651,92,204,7,38,1,531,75,4146,1852,1058,2358,161,18066,211,39,2357,103,4036,501,431,1614,52,284,8676,-25,8651,92,0,92,55,0,55,8743,NA,NA,NA,NA,NA,NA,41062,8612,20.9731625347036,19.2
2020-10-25,291254,14553,7046,10202,109,251,7,48,0,547,74,4194,1922,1074,2368,168,18290,258,48,2364,103,4084,490,419,1657,28,191,10210,-8,10202,110,-1,109,27,0,27,9025,NA,NA,NA,NA,NA,NA,37426,7512,20.0716079730669,19.8
2020-10-26,301597,14630,7072,10343,77,338,3,59,0,573,76,4253,2081,1080,2386,184,18588,341,59,2367,103,4143,506,431,1743,49,291,10386,-43,10343,78,-1,77,27,-1,26,9363,NA,NA,NA,NA,NA,NA,46917,8577,18.2812200268559,19.7
2020-10-27,311889,14739,7142,10292,109,288,3,50,0,585,77,4303,2086,1092,2413,177,18845,291,50,2370,103,4193,529,456,1829,53,311,10449,-157,10292,109,0,109,71,-1,70,9686,NA,NA,NA,NA,NA,NA,47626,8192,17.2006886994499,18.4
2020-10-28,319991,14830,7202,8102,91,280,7,51,0,603,76,4354,2071,1098,2435,187,19101,287,51,2377,103,4244,545,462,1831,57,313,8147,-45,8102,92,-1,91,61,-1,60,9594,NA,NA,NA,NA,NA,NA,47734,7396,15.4941970084217,17
2020-10-29,330255,14910,7258,10264,80,271,10,46,1,614,76,4401,2042,1107,2455,189,19342,281,47,2387,104,4290,553,470,1831,47,269,10301,-37,10264,80,0,80,57,-1,56,9739,NA,NA,NA,NA,NA,NA,47551,7261,15.2699207167042,16
2020-10-30,341374,15016,7345,11119,106,287,13,42,0,621,75,4443,2063,1119,2478,193,19608,300,42,2400,104,4332,567,447,1818,37,250,11143,-24,11119,106,0,106,88,-1,87,9902,NA,NA,NA,NA,NA,NA,44526,6928,15.5594484121637,15.4
2020-10-31,351178,15133,7395,9804,117,201,7,48,0,628,76,4491,1988,1136,2487,200,19791,208,48,2407,104,4380,584,452,1864,76,314,9839,-35,9804,119,-2,117,51,-1,50,10068,NA,NA,NA,NA,NA,NA,35389,5878,16.6096809743141,15.7
2020-11-01,359861,15242,7434,8683,109,219,3,43,0,636,77,4534,2007,1147,2495,216,19986,222,43,2410,104,4423,583,446,1910,58,237,8740,-57,8683,111,-2,109,39,0,39,9858,NA,NA,NA,NA,NA,NA,29157,5249,18.0025379840176,16.6
2020-11-02,368147,15331,7463,8286,89,383,12,59,0,661,77,4594,2218,1156,2521,220,20336,395,59,2422,104,4482,587,415,1958,47,239,8306,-20,8286,91,-2,89,29,0,29,9561,NA,NA,NA,NA,NA,NA,45195,7182,15.8911384002655,16.7
2020-11-03,375890,15434,7576,7743,103,238,5,32,1,657,77,4627,2165,1167,2548,217,20548,243,33,2427,105,4514,609,449,2044,59,364,7776,-33,7743,103,0,103,113,0,113,9179,NA,NA,NA,NA,NA,NA,40685,5938,14.5950596042768,16
2020-11-04,383523,15533,7682,7633,99,247,6,40,0,663,76,4667,2102,1180,2577,213,20759,253,40,2433,105,4554,612,475,1960,50,236,7657,-24,7633,102,-3,99,106,0,106,9109,NA,NA,NA,NA,NA,NA,40037,5675,14.1743886904613,14.9
2020-11-05,390488,15632,7769,6965,99,240,4,36,0,658,76,4703,2027,1196,2609,203,20974,244,36,2437,105,4590,607,476,1905,35,261,6996,-31,6965,101,-2,99,87,0,87,8637,NA,NA,NA,NA,NA,NA,38547,5163,13.3940384465717,14.1
2020-11-06,397730,15721,7887,7242,89,240,9,35,0,654,76,4738,1953,1212,2636,208,21196,249,35,2446,105,4625,603,477,1842,33,180,7272,-30,7242,94,-5,89,118,0,118,8084,NA,NA,NA,NA,NA,NA,34563,4685,13.5549576136331,13.7
2020-11-07,404401,15842,7960,6671,121,153,9,39,0,645,76,4777,1804,1224,2645,223,21326,162,39,2455,105,4664,602,466,1782,37,248,6689,-18,6671,123,-2,121,73,0,73,7634,175,15750,34,3850,-3,659,26145,3880,14.8403136354944,13.8
2020-11-08,410065,15936,8004,5664,94,161,2,44,0,650,76,4821,1786,1235,2656,241,21458,163,44,2457,105,4708,598,431,1697,36,149,5703,-39,5664,98,-4,94,44,0,44,7200,136,15886,20,3870,-4,663,22263,3358,15.0833221039393,14.4
2020-11-09,414745,15990,8043,4680,54,289,6,41,0,651,77,4862,1925,1248,2690,229,21720,295,41,2463,105,4749,600,444,1717,40,177,4709,-29,4680,57,-3,54,40,-1,39,6686,121,16007,15,3885,-5,658,41080,5185,12.6217137293087,13.9
2020-11-10,419412,16064,8141,4667,74,225,8,37,0,654,77,4899,1866,1263,2719,226,21916,233,37,2471,105,4786,598,487,1697,39,258,4695,-28,4667,75,-1,74,98,0,98,6246,132,16139,50,3935,0,658,38978,5042,12.9355020780953,13.3
2020-11-11,424819,16136,8215,5407,72,235,3,36,0,649,77,4935,1825,1274,2748,220,22121,238,36,2474,105,4822,606,480,1671,36,230,5424,-17,5407,75,-3,72,76,-2,74,5927,141,16280,41,3976,-1,669,36402,5022,13.795945277732,13.1
2020-11-12,430453,16228,8304,5634,92,207,9,41,0,654,77,4976,1777,1286,2775,211,22300,216,41,2483,105,4863,595,496,1606,31,220,5658,-24,5634,93,-1,92,89,0,89,5736,194,16474,50,4026,1,679,35187,4685,13.3145764060591,13.3
2020-11-13,436544,16315,8358,6091,87,244,6,31,0,656,77,5007,1759,1301,2814,210,22519,250,31,2489,105,4894,609,485,1572,32,170,6109,-18,6091,87,0,87,54,0,54,5570,224,16698,19,4045,-1,677,32127,4564,14.2061194633797,13.8
2020-11-14,442458,16407,8443,5914,92,142,3,22,1,624,77,5030,1627,1312,2821,224,22639,145,23,2492,106,4916,595,457,1530,32,163,5941,-27,5914,97,-5,92,86,-1,85,5463,191,16889,38,4083,-2,681,23751,3625,15.2625152625153,14.1
2020-11-15,447871,16503,8486,5413,96,147,9,34,0,626,76,5064,1622,1330,2829,240,22769,156,34,2501,106,4950,586,437,1509,22,150,5457,-44,5413,99,-3,96,45,-2,43,5428,181,17070,25,4108,-1,682,20522,3362,16.3824188675568,15.1
2020-11-16,452701,16589,8530,4830,86,253,16,36,0,622,76,5100,1769,1346,2855,239,22996,269,36,2517,106,4986,573,463,1557,29,173,4873,-43,4830,86,0,86,45,-1,44,5451,154,17224,22,4130,-3,677,40017,5061,12.6471249718869,14.3
2020-11-17,457003,16668,8616,4302,79,200,11,29,0,609,76,5129,1742,1362,2887,235,23177,211,29,2528,106,5015,576,473,1570,38,256,4320,-18,4302,79,0,79,88,-2,86,5397,136,17360,44,4174,3,665,39287,4849,12.3425051543768,13.3
2020-11-18,461612,16772,8698,4609,104,192,7,32,0,594,76,5161,1686,1375,2913,232,23347,199,32,2535,106,5047,559,488,1528,27,192,4628,-19,4609,107,-3,104,84,-2,82,5284,204,17564,41,4215,-1,664,42534,4871,11.4520148587013,12.1
2020-11-19,467257,16865,8771,5645,93,187,13,39,0,596,76,5200,1620,1388,2941,231,23512,200,39,2548,106,5086,555,501,1475,37,224,5725,-80,5645,96,-3,93,75,-2,73,5293,170,17734,44,4259,2,666,41331,4733,11.4514529045995,11.7
2020-11-20,473190,16929,8822,5933,64,169,5,29,1,588,76,5230,1535,1402,2969,225,23664,174,30,2553,107,5115,547,496,1414,35,217,5974,-41,5933,64,0,64,51,0,51,5274,174,17908,26,4285,-2,660,37206,4490,12.0679460302102,11.6
2020-11-21,479260,17011,8870,6070,82,140,2,20,0,573,76,5250,1439,1415,2975,234,23790,142,20,2555,107,5135,550,475,1352,45,185,6093,-23,6070,83,-1,82,48,0,48,5296,210,18118,21,4306,-3,656,28423,3486,12.2647151954403,11.9
2020-11-22,484648,17078,8891,5388,67,166,7,25,0,569,76,5275,1472,1429,2982,236,23941,173,25,2562,107,5160,540,447,1393,26,170,5407,-19,5388,68,-1,67,21,0,21,5289,165,18283,11,4317,0,647,25174,3057,12.1434813696671,12.2
2020-11-23,489818,17128,8945,5170,50,217,8,25,0,571,76,5300,1601,1445,3011,232,24137,225,25,2570,107,5185,536,451,1432,23,151,5214,-44,5170,51,-1,50,54,0,54,5337,123,18406,23,4340,-3,645,44862,4828,10.7618920244305,11.5
2020-11-24,493744,17209,9035,3926,81,153,13,34,0,564,76,5335,1555,1459,3040,226,24279,166,34,2583,107,5219,526,491,1399,32,223,3979,-53,3926,82,-1,81,90,0,90,5289,103,18509,49,4389,-1,635,43793,4539,10.3646701527641,10.9
2020-11-25,498653,17283,9109,4909,74,161,5,41,1,570,77,5376,1485,1473,3067,219,24412,166,42,2588,108,5260,529,515,1310,39,150,4947,-38,4909,77,-3,74,74,0,74,5334,159,18668,38,4427,-2,627,41590,4470,10.7477759076701,10.6
2020-11-26,503123,17347,9184,4470,64,189,7,30,0,565,76,5406,1492,1487,3088,217,24580,196,30,2595,108,5290,524,516,1257,33,192,4506,-36,4470,64,0,64,76,-1,75,5160,186,18854,39,4466,-2,621,40797,4431,10.8610927274064,10.7
2020-11-27,508866,17424,9267,5743,77,178,10,18,0,549,75,5424,1482,1495,3119,206,24744,188,18,2605,108,5308,518,513,1251,23,188,5790,-47,5743,78,-1,77,84,-1,83,5134,169,19023,48,4514,-1,618,36894,4080,11.0587087331273,10.9
2020-11-28,513325,17493,9326,4459,69,102,3,21,0,542,75,5445,1384,1509,3127,215,24827,105,21,2608,108,5329,511,483,1200,19,166,4499,-40,4459,71,-2,69,59,0,59,4906,176,19199,37,4551,0,606,27063,3306,12.2159405830839,11.3
2020-11-29,518910,17566,9349,5585,73,119,3,18,0,527,75,5464,1390,1519,3131,231,24936,122,18,2611,108,5347,506,450,1194,18,112,5609,-24,5585,77,-4,73,25,-2,23,4935,162,19361,12,4563,-5,604,23860,3077,12.8960603520536,11.9
2020-11-30,523478,17618,9376,4568,52,173,6,24,2,523,75,5490,1476,1531,3156,231,25083,179,26,2617,110,5371,481,475,1240,18,134,4610,-42,4568,54,-2,52,29,-2,27,4849,113,19474,20,4583,1,594,47470,5008,10.5498209395408,11.6
2020-12-01,527523,17677,9438,4045,59,151,3,30,0,515,75,5520,1432,1542,3177,230,25215,154,30,2620,110,5401,478,506,1205,20,187,4073,-28,4045,61,-2,59,62,0,62,4862,121,19595,33,4616,-2,579,51570,5184,10.0523560209424,10.8
2020-12-02,532444,17736,9504,4921,59,169,5,30,0,516,75,5550,1399,1554,3199,236,25359,174,30,2625,110,5431,475,531,1131,25,142,4942,-21,4921,63,-4,59,66,0,66,4861,168,19763,38,4654,0,576,52653,5607,10.6489658708905,10.4
2020-12-03,538050,17809,9565,5606,73,185,3,30,0,504,75,5580,1403,1561,3216,234,25520,188,30,2628,110,5461,458,557,1137,21,153,5641,-35,5606,74,-1,73,61,0,61,5023,195,19958,32,4686,-3,578,52189,5958,11.4161988158424,10.7
2020-12-04,543924,17862,9623,5874,53,204,11,33,0,515,76,5613,1436,1572,3247,221,25702,215,33,2639,110,5494,473,550,1152,28,189,5935,-61,5874,55,-2,53,58,0,58,5044,222,20180,34,4720,1,569,47495,5946,12.5192125486893,11.5
2020-12-05,550445,17922,9662,6521,60,145,5,25,0,509,76,5638,1387,1582,3251,229,25836,150,25,2644,110,5519,472,516,1130,31,189,6577,-56,6521,62,-2,60,39,0,39,5341,213,20393,18,4738,-8,562,32227,4484,13.9137989884259,12.4
2020-12-06,557224,17974,9687,6779,52,140,5,28,0,513,76,5666,1425,1593,3257,237,25956,145,28,2649,110,5547,469,502,1172,21,160,6814,-35,6779,52,0,52,25,0,25,5513,193,20586,16,4754,-1,571,37017,5215,14.0881216738255,13.4
2020-12-07,564291,18047,9704,7067,73,220,8,21,0,508,75,5687,1537,1601,3280,236,26166,228,21,2657,110,5568,470,501,1190,24,150,7134,-67,7067,75,-2,73,19,-2,17,5874,166,20752,7,4761,-4,568,61315,7078,11.5436679442225,12.9
2020-12-08,570437,18118,9775,6146,71,178,8,41,0,519,75,5728,1519,1614,3308,231,26321,186,41,2665,110,5609,464,553,1236,22,206,6187,-41,6146,72,-1,71,71,0,71,6176,144,20896,41,4802,-2,561,61593,7234,11.7448411345445,12.2
2020-12-09,576965,18194,9841,6528,76,179,6,32,0,511,76,5760,1501,1625,3336,222,26476,185,32,2671,110,5641,473,552,1211,36,194,6589,-61,6528,77,-1,76,66,0,66,6411,227,21123,32,4834,-1,576,70847,7928,11.1903115163663,11.5
2020-12-10,585685,18265,9902,8720,71,199,7,33,1,517,76,5794,1500,1634,3357,228,26654,206,34,2678,111,5674,469,533,1179,26,198,8793,-73,8720,73,-2,71,64,-3,61,6861,294,21417,32,4866,-5,583,70200,8174,11.6438746438746,11.5
2020-12-11,594523,18319,9966,8838,54,255,11,36,0,513,76,5830,1571,1642,3378,222,26883,266,36,2689,111,5710,472,547,1209,30,199,8894,-56,8838,59,-5,54,65,-1,64,7284,359,21776,27,4893,0,591,68998,8508,12.3307921968753,11.7
2020-12-12,603603,18396,10019,9080,77,154,3,22,0,510,75,5852,1544,1649,3386,223,27027,157,22,2692,111,5732,481,510,1242,37,247,9182,-102,9080,80,-3,77,53,0,53,7656,267,22043,27,4920,-6,591,57923,7496,12.9413186471695,12.3
2020-12-13,613487,18477,10048,9884,81,179,9,42,0,534,75,5894,1598,1657,3388,234,27183,188,42,2701,111,5774,497,478,1270,36,166,9924,-40,9884,83,-2,81,29,0,29,8100,259,22302,13,4933,-2,599,51471,7040,13.6776048648754,12.9
2020-12-14,621944,18552,10082,8457,75,276,11,24,1,540,75,5919,1769,1664,3417,230,27440,287,25,2712,112,5798,503,523,1369,36,184,8496,-39,8457,75,0,75,35,-1,34,8295,227,22529,18,4951,-2,602,73823,9831,13.3169879305907,13.3
2020-12-15,628577,18618,10168,6633,66,219,3,45,1,554,76,5965,1763,1671,3437,231,27621,222,46,2715,113,5843,524,530,1430,46,262,6682,-49,6633,66,0,66,86,0,86,8366,174,22703,60,5011,-4,601,72924,9434,12.9367560748176,13.3
2020-12-16,639746,18684,10245,11169,66,247,7,36,0,564,76,6001,1795,1686,3464,213,27849,254,36,2722,113,5879,526,544,1438,28,142,11214,-45,11169,66,0,66,77,0,77,9026,336,23039,45,5056,-4,615,75359,10256,13.6095224193527,13.3
2020-12-17,652525,18779,10321,12779,95,256,12,48,0,588,76,6049,1844,1695,3489,210,28090,268,48,2734,113,5927,536,507,1467,38,221,12844,-65,12779,97,-2,95,77,-1,76,9605,431,23470,45,5101,-3,634,71492,9854,13.7833603759861,13.4
2020-12-18,664456,18864,10405,11931,85,286,4,38,1,595,77,6088,1899,1702,3513,211,28354,290,39,2738,114,5965,549,497,1485,52,264,12028,-97,11931,86,-1,85,85,-1,84,10053,392,23862,50,5151,-4,642,67523,9611,14.2336685277609,13.9
2020-12-19,676673,18969,10459,12217,105,182,6,43,0,606,77,6131,1804,1714,3517,230,28514,188,43,2744,114,6008,560,483,1505,45,290,12282,-65,12217,105,0,105,56,-2,54,10496,373,24235,30,5181,-2,652,60920,8595,14.1086671043992,14
2020-12-20,689705,19068,10491,13032,99,192,4,55,0,628,77,6186,1821,1730,3525,240,28676,196,55,2748,114,6063,580,431,1533,36,218,13066,-34,13032,102,-3,99,32,0,32,10945,349,24584,15,5196,-1,677,56395,7833,13.8895292135828,14.1
2020-12-21,700873,19143,10519,11168,75,343,3,32,0,625,76,6218,2015,1742,3556,230,28982,346,32,2751,114,6095,586,429,1576,37,205,11212,-44,11168,78,-3,75,31,-3,28,11333,267,24851,17,5213,-3,690,76865,9783,12.7275092694985,13.5
2020-12-22,710683,19226,10633,9810,83,279,8,43,0,633,76,6261,2036,1752,3585,221,29234,287,43,2759,114,6138,586,469,1703,33,359,9872,-62,9810,87,-4,83,116,-2,114,11788,308,25159,70,5283,-4,708,80660,9350,11.5918670964543,12.6
2020-12-23,721071,19320,10737,10388,94,293,8,48,0,650,77,6309,2065,1763,3609,228,29497,301,48,2767,114,6186,608,439,1686,56,297,10447,-59,10388,95,-1,94,106,-2,104,11679,375,25534,69,5352,-7,718,80553,9343,11.5985748513401,12
2020-12-24,732570,19411,10826,11499,91,304,11,49,1,656,78,6358,2088,1776,3643,225,29772,315,50,2778,115,6235,596,436,1712,38,321,11555,-56,11499,92,-1,91,89,0,89,11495,418,25952,50,5402,-3,727,57102,7429,13.0100521873139,12
2020-12-25,744057,19496,10921,11487,85,230,6,36,0,647,78,6394,1987,1790,3648,234,29981,236,36,2784,115,6271,600,417,1704,41,317,11550,-63,11487,86,-1,85,97,-2,95,11426,406,26358,44,5446,-3,746,34761,5641,16.227956618049,13
2020-12-26,753905,19565,10970,9848,69,239,5,42,0,660,78,6436,2028,1799,3654,248,30186,244,42,2789,115,6313,615,372,1734,42,213,9880,-32,9848,71,-2,69,49,0,49,11083,299,26657,31,5477,-3,761,36432,5725,15.7142072902942,14.6
2020-12-27,762985,19643,10998,9080,78,269,3,44,0,675,78,6480,2119,1813,3660,263,30415,272,44,2792,115,6357,631,387,1797,42,243,9108,-28,9080,79,-1,78,29,-1,28,10518,280,26937,20,5497,-6,769,43144,6028,13.9718153161506,15.2
2020-12-28,770400,19733,11042,7415,90,449,5,68,0,710,78,6549,2402,1825,3684,268,30821,454,68,2797,115,6425,658,370,1922,54,273,7453,-38,7415,93,-3,90,44,0,44,9981,236,27173,16,5513,-1,774,61161,8508,13.9108255260705,14.4
2020-12-29,777902,19845,11212,7502,112,252,4,61,0,731,78,6611,2392,1833,3707,272,31032,256,61,2801,115,6486,684,416,2077,72,430,7561,-59,7502,114,-2,112,171,-1,170,9651,246,27419,104,5617,-4,792,65195,8315,12.7540455556408,13.5
2020-12-30,787300,19939,11323,9398,94,261,9,45,1,741,78,6658,2349,1845,3736,265,31267,270,46,2810,116,6531,712,422,2002,64,289,9504,-106,9398,95,-1,94,112,-1,111,9516,379,27798,67,5684,-2,806,62669,8451,13.4851361917375,13.4
2020-12-31,796981,20077,11432,9681,138,262,6,39,1,742,77,6698,2269,1861,3757,278,31501,268,40,2816,117,6570,724,410,2104,38,294,9719,-38,9681,140,-2,138,109,0,109,9254,348,28146,68,5752,-7,820,40146,5864,14.6066855975689,13.5
2021-01-01,805164,20154,11529,8183,77,213,3,40,0,729,77,6738,2108,1871,3771,289,31699,216,40,2819,117,6610,703,389,1957,37,239,8215,-32,8183,78,-1,77,98,-1,97,8777,288,28434,61,5813,-2,825,33332,4913,14.7395895835833,14.1
2021-01-02,813765,20211,11565,8601,57,232,5,39,0,733,77,6777,2161,1885,3779,307,31905,237,39,2824,117,6649,698,379,2005,37,248,8630,-29,8601,58,-1,57,38,-2,36,8599,240,28674,19,5832,-4,829,47313,6177,13.0556083951557,14
2021-01-03,821163,20318,11612,7398,107,228,8,44,0,735,77,6821,2184,1901,3790,324,32108,236,44,2832,117,6693,704,360,2006,29,241,7438,-40,7398,112,-5,107,47,0,47,8360,243,28917,31,5863,-3,840,38880,5443,13.9994855967078,13.8
2021-01-04,827726,20389,11675,6563,71,330,7,59,0,753,77,6880,2309,1914,3815,346,32387,337,59,2839,117,6752,715,377,2130,41,226,6671,-108,6563,73,-2,71,65,-2,63,8248,252,29169,32,5895,-1,844,54638,7838,14.3453274277975,13.8
2021-01-05,834064,20482,11825,6338,93,278,7,53,0,748,78,6933,2275,1935,3855,341,32625,285,53,2846,117,6805,731,396,2159,46,320,6412,-74,6338,96,-3,93,152,-2,150,8084,235,29404,84,5979,-1,852,55385,7131,12.8753272546718,13.7
2021-01-06,841163,20584,11999,7099,102,244,9,46,0,736,78,6979,2221,1947,3897,324,32840,253,46,2855,117,6851,704,435,2131,39,262,7142,-43,7099,106,-4,102,175,-1,174,7747,293,29697,99,6078,-6,856,54503,6890,12.6415059721483,13.3
2021-01-07,850790,20672,12084,9627,88,241,9,38,0,735,78,7017,2169,1968,3933,314,33052,250,38,2864,117,6889,712,420,2052,29,231,9737,-110,9627,92,-4,88,85,0,85,7749,392,30089,46,6124,-3,868,49737,6008,12.0795383718359,12.5
2021-01-08,858914,20756,12171,8124,84,241,9,45,0,733,78,7062,2109,1990,3973,305,33254,250,45,2873,117,6934,708,426,1936,37,249,8169,-45,8124,86,-2,84,89,-2,87,7743,309,30398,51,6175,-7,865,45167,5560,12.3098722518653,12.4
2021-01-09,866235,20832,12307,7321,76,164,3,32,0,714,78,7094,1939,2003,3984,316,33394,167,32,2876,117,6966,700,420,1874,44,241,7383,-62,7321,78,-2,76,139,-3,136,7565,285,30683,79,6254,-3,861,35245,4385,12.4414810611434,12.3
2021-01-10,872847,20910,12361,6612,78,186,3,32,0,711,77,7126,1947,2009,3994,327,33557,189,32,2879,117,6998,711,379,1850,25,187,6657,-45,6612,81,-3,78,54,0,54,7453,238,30921,26,6280,-5,861,28702,3824,13.3231133718905,12.6
2021-01-11,878263,20969,12411,5416,59,276,8,37,1,723,78,7164,2086,2027,4028,318,33815,284,38,2887,118,7035,702,383,1926,24,173,5499,-83,5416,61,-2,59,50,0,50,7286,197,31118,20,6300,-7,852,43834,5387,12.2895469270429,12.6
2021-01-12,883135,21066,12563,4872,97,210,8,46,0,727,78,7210,2023,2035,4072,297,33991,218,46,2895,118,7081,695,417,1945,43,267,4986,-114,4872,102,-5,97,153,-1,152,7082,289,31407,94,6394,-3,842,40551,4913,12.1156075065966,12.5
2021-01-13,889221,21135,12685,6086,69,239,6,37,0,730,77,7247,1965,2050,4106,300,34200,245,37,2901,118,7118,700,416,1821,46,218,6148,-62,6086,70,-1,69,122,0,122,6940,335,31742,85,6479,1,852,47263,5087,10.763176268963,11.7
2021-01-14,895687,21211,12774,6466,76,209,8,35,1,714,78,7282,1905,2059,4142,298,34388,217,36,2909,119,7153,693,453,1814,48,226,6575,-109,6466,78,-2,76,89,0,89,6488,244,31986,50,6529,-4,847,48272,5091,10.5464865760689,11.1
2021-01-15,901696,21287,12868,6009,76,216,9,36,0,705,78,7318,1884,2071,4173,298,34581,225,36,2918,119,7189,690,452,1784,24,217,6093,-84,6009,76,0,76,96,-2,94,6192,270,32256,49,6578,-3,841,45917,4731,10.3033734782325,10.5
2021-01-16,906956,21336,12965,5260,49,163,3,26,0,686,77,7344,1759,2082,4181,308,34725,166,26,2921,119,7215,671,441,1694,35,212,5340,-80,5260,54,-5,49,98,-1,97,5900,240,32496,65,6643,0,834,37079,3734,10.0703902478492,10.3
2021-01-17,912554,21405,13006,5598,69,148,6,38,0,694,77,7382,1713,2087,4188,331,34853,154,38,2927,119,7253,676,393,1708,38,179,5622,-24,5598,70,-1,69,43,-2,41,5752,280,32776,25,6668,-4,819,31080,3350,10.7786357786358,10.4
2021-01-18,917308,21491,13056,4754,86,246,9,42,0,703,77,7424,1842,2103,4223,320,35074,255,42,2936,119,7295,690,398,1744,28,152,4822,-68,4754,88,-2,86,59,-9,50,5655,172,32948,22,6690,-3,810,47758,4990,10.4485112441895,10.4
2021-01-19,921580,21590,13162,4272,99,219,6,32,1,696,77,7457,1832,2112,4260,316,35268,225,33,2942,120,7327,683,444,1767,42,245,4335,-63,4272,101,-2,99,106,0,106,5562,185,33133,66,6756,-1,793,44101,4589,10.4056597356069,10.5
2021-01-20,927110,21663,13248,5530,73,185,4,33,1,689,76,7491,1756,2124,4292,305,35424,189,34,2946,121,7360,679,447,1709,27,212,5615,-85,5530,75,-2,73,87,-1,86,5486,257,33390,49,6805,-3,787,44973,4741,10.5418806839659,10.5
2021-01-21,932884,21748,13337,5774,85,230,9,41,0,694,76,7532,1760,2139,4324,302,35630,239,41,2955,121,7401,677,460,1667,36,226,5857,-83,5774,87,-2,85,91,-2,89,5383,237,33627,51,6856,2,776,40963,4424,10.7999902350902,10.6
2021-01-22,938628,21818,13422,5744,70,209,10,36,0,687,76,7568,1743,2151,4363,295,35815,219,36,2965,121,7437,674,456,1684,31,231,5791,-47,5744,73,-3,70,89,-4,85,5340,238,33865,53,6909,-1,753,36754,4196,11.4164444686293,10.9
2021-01-23,944042,21894,13510,5414,76,159,4,34,0,676,76,7602,1670,2160,4377,301,35960,163,34,2969,121,7471,673,459,1633,33,214,5487,-73,5414,80,-4,76,89,-1,88,5361,209,34074,47,6956,-2,750,29032,3456,11.9041058142739,11.3
2021-01-24,948933,21954,13540,4891,60,151,1,27,0,673,76,7629,1679,2172,4381,319,36090,152,27,2970,121,7498,680,416,1667,42,165,4924,-33,4891,63,-3,60,30,0,30,5262,216,34290,26,6982,-3,736,24795,3021,12.183908045977,11.8
2021-01-25,952950,22056,13579,4017,102,214,5,53,1,695,76,7683,1779,2185,4419,309,36278,219,54,2975,122,7551,664,416,1720,24,169,4129,-112,4017,103,-1,102,40,-1,39,5163,144,34434,20,7002,-2,726,36758,4201,11.4288046139616,11.8
2021-01-26,956867,22127,13664,3917,71,175,7,35,0,689,76,7718,1734,2201,4449,320,36425,182,35,2982,122,7586,674,466,1705,52,219,3997,-80,3917,73,-2,71,87,-2,85,5114,168,34602,50,7052,0,711,33393,3792,11.355673344713,11.6
2021-01-27,961593,22194,13733,4726,67,184,6,28,1,663,77,7747,1675,2215,4475,319,36582,190,29,2988,123,7614,651,492,1648,38,201,4774,-48,4726,68,-1,67,69,0,69,4994,245,34847,34,7086,2,703,34789,3724,10.7045330420535,11.2
2021-01-28,966252,22257,13816,4659,63,209,3,42,1,663,76,7790,1640,2224,4502,318,36756,212,43,2991,124,7656,645,495,1595,29,186,4740,-81,4659,65,-2,63,85,-2,83,4835,233,35080,44,7130,-3,697,31574,3353,10.6194970545385,10.9
2021-01-29,970602,22319,13872,4350,62,222,6,29,0,659,77,7819,1657,2241,4530,322,36958,228,29,2997,124,7685,659,458,1572,36,196,4438,-88,4350,64,-2,62,58,-2,56,4641,210,35290,29,7159,-3,681,29207,3522,12.0587530386551,11.1
2021-01-30,974775,22398,13959,4173,79,132,3,30,0,643,77,7849,1585,2248,4542,322,37071,135,30,3000,124,7715,640,471,1600,29,196,4211,-38,4173,82,-3,79,88,-1,87,4459,216,35506,54,7213,-2,664,23265,2755,11.8418224801204,11.5
2021-01-31,978475,22455,13998,3700,57,150,7,36,2,661,77,7887,1621,2261,4546,333,37197,157,38,3007,126,7751,646,454,1573,30,142,3714,-14,3700,58,-1,57,40,-1,39,4286,147,35653,22,7235,-4,647,19289,2457,12.7378298512105,12.2
2021-02-01,981663,22492,14025,3188,37,233,6,30,1,665,77,7918,1725,2273,4580,334,37393,239,31,3013,127,7781,639,426,1631,24,144,3280,-92,3188,39,-2,37,27,0,27,4165,125,35778,16,7251,-2,632,33458,3759,11.2349811704226,11.8
2021-02-02,985224,22559,14108,3561,67,180,7,28,0,646,77,7946,1689,2289,4609,334,37556,187,28,3020,127,7809,629,471,1640,29,218,3592,-31,3561,68,-1,67,83,0,83,4107,165,35943,51,7302,-2,618,31821,3411,10.7193362873574,11.4
2021-02-03,989237,22625,14169,4013,66,173,9,30,0,631,77,7976,1633,2299,4654,328,37714,182,30,3029,127,7839,613,479,1601,25,184,4060,-47,4013,67,-1,66,62,-1,61,4005,207,36150,33,7335,-1,605,34550,3580,10.3617945007236,10.8
2021-02-04,993430,22694,14234,4193,69,194,10,25,0,605,77,8001,1605,2308,4693,324,37889,204,25,3039,127,7864,602,486,1519,29,186,4246,-53,4193,69,0,69,67,-2,65,3934,213,36363,34,7369,-1,602,34120,3526,10.3341148886284,10.5
2021-02-05,997751,22786,14294,4321,92,183,12,18,0,574,76,8019,1599,2322,4733,316,38068,195,18,3051,127,7882,573,490,1479,22,166,4365,-44,4321,93,-1,92,60,0,60,3924,171,36534,39,7408,-1,598,32418,3569,11.0093158122031,10.6
2021-02-06,1001826,22858,14355,4075,72,131,2,20,0,548,76,8039,1473,2334,4742,330,38185,133,20,3053,127,7902,547,488,1436,22,166,4130,-55,4075,73,-1,72,61,0,61,3912,178,36712,38,7446,-4,590,28705,3020,10.5208151889915,10.6
2021-02-07,1005760,22916,14403,3934,58,117,3,22,0,535,76,8061,1456,2342,4747,338,38281,120,22,3056,127,7924,535,462,1445,19,150,3963,-29,3934,58,0,58,48,0,48,3948,165,36877,18,7464,0,579,94,6,6.38297872340426,10.8
2021-02-08,1007981,22955,14428,2221,39,198,5,32,0,546,77,8093,1568,2344,4784,321,38453,203,32,3061,127,7956,542,455,1492,26,120,2273,-52,2221,40,-1,39,25,0,25,3804,92,36969,17,7481,-2,565,24488,3010,12.2917347272133,11.3
2021-02-09,1009725,23011,14511,1744,56,191,5,18,1,542,77,8112,1541,2356,4827,295,38635,196,19,3066,128,7974,550,455,1460,26,120,1779,-35,1744,56,0,56,85,-2,83,3545,106,37075,47,7528,0,549,30884,3584,11.6047144152312,11.9
2021-02-10,1012908,23077,14589,3183,66,193,5,30,0,544,76,8142,1544,2366,4862,280,38802,198,30,3071,128,8004,533,511,1457,20,199,3226,-43,3183,69,-3,66,78,0,78,3426,221,37296,57,7585,2,537,32393,3633,11.2153860401939,11.7
2021-02-11,1017302,23149,14662,4394,72,181,7,30,0,540,74,8172,1531,2374,4892,279,38959,188,30,3078,128,8034,537,517,1415,23,195,4472,-78,4394,73,-1,72,74,-1,73,3458,220,37516,46,7631,-4,525,31101,3272,10.5205620398058,11.1
2021-02-12,1021643,23232,14727,4341,83,184,5,33,0,535,74,8205,1508,2383,4921,270,39120,189,33,3083,128,8067,534,505,1370,32,182,4385,-44,4341,84,-1,83,66,-1,65,3461,153,37669,38,7669,1,519,27707,2942,10.6182553145415,10.8
2021-02-13,1025837,23293,14793,4194,61,115,2,22,0,529,75,8227,1409,2390,4930,272,39222,117,22,3085,128,8089,538,522,1325,32,182,4229,-35,4194,63,-2,61,67,-1,66,3475,164,37833,40,7709,-2,511,22242,2549,11.4603003327039,10.8
2021-02-14,1029284,23354,14816,3447,61,140,4,27,0,536,75,8254,1418,2401,4934,280,39345,144,27,3089,128,8116,530,470,1329,19,135,3497,-50,3447,62,-1,61,23,0,23,3409,154,37987,8,7717,-4,509,21377,2379,11.1287832717407,11
2021-02-15,1032094,23399,14843,2810,45,217,4,35,0,548,75,8289,1531,2407,4968,280,39540,221,35,3093,128,8151,536,499,1386,22,143,2875,-65,2810,49,-4,45,27,0,27,3495,96,38083,13,7730,-2,492,22702,2077,9.14897365870848,10.6
2021-02-16,1034795,23457,14929,2701,58,172,9,39,0,544,77,8328,1513,2414,4999,276,39694,181,39,3102,128,8190,526,528,1400,32,209,2735,-34,2701,59,-1,58,88,-2,86,3631,154,38237,49,7779,-1,489,45615,4348,9.53195220870328,9.8
2021-02-17,1038156,23534,15017,3361,77,165,8,36,0,543,77,8364,1497,2421,5024,282,39837,173,36,3110,128,8226,520,516,1399,34,177,3416,-55,3361,78,-1,77,89,-1,88,3658,154,38237,49,7779,-1,489,45988,4215,9.16543446116378,9.3
2021-02-18,1042674,23597,15089,4518,63,201,9,25,1,530,77,8390,1512,2427,5047,283,40021,210,26,3119,129,8251,523,511,1408,33,205,4618,-100,4518,64,-1,63,74,-2,72,3679,149,38557,44,7868,0,487,41946,4124,9.83168836122634,9.5
2021-02-19,1047400,23669,15138,4726,72,162,7,33,0,533,76,8423,1492,2435,5082,272,40169,169,33,3126,129,8284,510,515,1433,20,200,4761,-35,4726,73,-1,72,50,-1,49,3733,134,38691,29,7897,-3,479,39795,4071,10.2299283829627,9.7
2021-02-20,1051965,23761,15200,4565,92,131,4,39,0,539,76,8462,1403,2442,5088,280,40277,135,39,3130,129,8323,522,502,1336,20,156,4604,-39,4565,93,-1,92,62,0,62,3787,103,38794,30,7927,-2,471,35565,3452,9.70617179811613,9.9
2021-02-21,1056639,23803,15217,4674,42,127,6,36,0,555,76,8498,1401,2446,5095,291,40380,133,36,3136,129,8359,534,461,1315,34,123,4720,-46,4674,43,-1,42,17,0,17,3961,107,38901,6,7933,-2,465,31894,3300,10.346773687841,10.1
2021-02-22,1060801,23868,15249,4162,65,217,12,31,0,564,76,8529,1524,2456,5120,297,40582,229,31,3148,129,8390,561,439,1347,37,122,4217,-55,4162,65,0,65,32,0,32,4153,85,38986,14,7947,-2,461,48298,4571,9.46416000662553,9.8
2021-02-23,1064598,23927,15343,3797,59,165,6,27,0,550,76,8556,1515,2461,5141,305,40722,171,27,3154,129,8417,538,480,1379,31,199,3846,-49,3797,59,0,59,94,0,94,4312,75,39061,45,7992,-2,452,46864,4101,8.75085353362923,9.4
2021-02-24,1068960,23975,15406,4362,48,183,8,31,1,548,76,8588,1498,2469,5174,298,40886,191,32,3162,130,8448,533,508,1350,20,151,4420,-58,4362,49,-1,48,63,0,63,4455,108,39169,28,8020,-1,448,52859,4406,8.33538281087421,8.8
2021-02-25,1073971,24028,15438,5011,53,158,8,47,0,559,77,8635,1464,2477,5197,312,41016,166,47,3170,130,8495,526,499,1361,29,196,5048,-37,5011,58,-5,53,33,-1,32,4517,117,39286,17,8037,-1,436,47774,4065,8.50881232469544,8.5
2021-02-26,1079084,24081,15503,5113,53,192,8,28,0,542,76,8663,1454,2485,5221,319,41180,200,28,3178,130,8523,525,493,1339,32,186,5151,-38,5113,55,-2,53,65,0,65,4572,118,39404,40,8077,1,425,45110,3946,8.74750609620927,8.5
2021-02-27,1084021,24165,15543,4937,84,129,3,21,0,524,76,8685,1399,2489,5233,325,41299,132,21,3181,130,8544,518,470,1291,22,185,4993,-56,4937,86,-2,84,41,-1,40,4628,82,39486,16,8093,-4,417,38893,3536,9.09161031548093,8.8
2021-02-28,1088690,24228,15563,4669,63,146,9,43,0,545,76,8728,1414,2495,5237,337,41422,155,43,3190,130,8587,526,401,1322,21,160,4729,-60,4669,65,-2,63,21,-1,20,4629,56,39542,12,8105,-5,412,37413,3346,8.94341539037233,8.9
2021-03-01,1092452,24294,15584,3762,66,232,7,52,1,577,77,8781,1539,2504,5269,341,41619,239,53,3197,131,8639,536,434,1375,30,145,3826,-64,3762,68,-2,66,22,-1,21,4573,33,39575,2,8107,-4,396,56417,4464,7.91250864101246,8.5
2021-03-02,1096433,24347,15649,3981,53,173,7,39,0,570,77,8820,1525,2516,5311,334,41759,180,39,3204,131,8678,540,460,1444,52,228,4032,-51,3981,54,-1,53,66,-1,65,4600,62,39637,24,8131,-2,385,54341,4376,8.05285143814063,8.2
2021-03-03,1101430,24396,15697,4997,49,153,7,35,0,558,77,8855,1483,2522,5342,327,41885,160,35,3211,131,8713,549,455,1397,49,177,5090,-93,4997,50,-1,49,48,0,48,4696,58,39695,29,8160,-1,385,54907,4359,7.9388784672264,8
2021-03-04,1105544,24456,15730,4114,60,176,3,42,0,569,77,8897,1467,2530,5374,327,42030,179,42,3214,131,8755,539,485,1384,31,167,4161,-47,4114,61,-1,60,33,0,33,4569,88,39783,14,8174,-2,378,52931,3949,7.46065632616047,7.8
2021-03-05,1110213,24533,15762,4669,77,174,9,39,0,565,77,8936,1452,2535,5411,320,42190,183,39,3223,131,8794,541,491,1370,39,185,4727,-58,4669,78,-1,77,32,0,32,4508,51,39834,11,8185,-2,365,49327,4116,8.34431447280394,7.9
2021-03-06,1115549,24578,15803,5336,45,115,7,37,0,573,77,8973,1367,2545,5424,330,42290,122,37,3230,131,8831,542,480,1321,36,176,5378,-42,5336,45,0,45,42,-1,41,4563,71,39905,25,8210,-3,347,46446,3761,8.09757567928347,8
2021-03-07,1120075,24656,15833,4526,78,155,5,36,0,576,75,9009,1389,2551,5434,331,42427,160,36,3235,131,8867,545,431,1306,39,139,4567,-41,4526,79,-1,78,30,0,30,4540,44,39949,14,8224,-4,340,47101,3822,8.11447739963058,8.2
2021-03-08,1123909,24719,15859,3834,63,225,8,44,0,601,76,9053,1507,2560,5461,337,42622,233,44,3243,131,8911,558,457,1347,33,147,3924,-90,3834,63,0,63,26,0,26,4554,22,39971,8,8232,-2,332,65012,4440,6.82950839844952,7.6
2021-03-09,1128202,24813,15917,4293,94,184,9,34,0,591,77,9087,1506,2564,5498,329,42791,193,34,3252,131,8945,556,498,1407,35,240,4333,-40,4293,94,0,94,58,0,58,4597,40,40011,28,8260,-3,326,69389,4884,7.0385796019542,7.2
2021-03-10,1133474,24879,15948,5272,66,184,10,44,0,601,77,9131,1481,2571,5527,332,42951,194,44,3262,131,8989,560,481,1353,28,199,5330,-58,5272,67,-1,66,31,0,31,4631,19,40030,11,8271,-7,310,75409,5707,7.56806216764577,7.2
2021-03-11,1138796,24959,15998,5322,80,191,6,42,0,602,77,9173,1471,2582,5553,336,43111,197,42,3268,131,9031,572,489,1353,50,191,5380,-58,5322,80,0,80,50,0,50,4806,57,40087,19,8290,-5,315,67236,5221,7.76518531738949,7.5
2021-03-12,1144822,25038,16024,6026,79,185,7,32,0,591,77,9205,1478,2595,5585,337,43277,192,32,3275,131,9063,576,501,1334,39,211,6068,-42,6026,80,-1,79,27,-1,26,4997,47,40134,8,8298,0,309,64676,5571,8.6137052384192,8
2021-03-13,1151218,25096,16046,6396,58,161,11,37,0,581,77,9242,1443,2601,5593,356,43424,172,37,3286,131,9100,554,479,1321,44,224,6446,-50,6396,60,-2,58,22,0,22,5150,54,40188,3,8301,-3,318,59878,4832,8.06974180834363,8.1
2021-03-14,1157192,25154,16069,5974,58,157,8,43,0,587,77,9285,1473,2609,5597,375,43561,165,43,3294,131,9143,554,428,1368,37,191,6012,-38,5974,58,0,58,24,-1,23,5356,28,40216,3,8304,-5,311,59501,4619,7.76289474126485,8.2
2021-03-15,1162661,25202,16087,5469,48,217,7,45,0,604,77,9330,1601,2617,5637,362,43756,224,45,3301,131,9188,564,441,1455,46,177,5549,-80,5469,52,-4,48,18,0,18,5588,20,40236,2,8306,-7,306,80680,5551,6.88026772434308,7.5
2021-03-16,1167563,25260,16119,4902,58,209,4,46,0,613,77,9376,1607,2631,5673,369,43937,213,46,3305,131,9234,586,473,1451,38,225,4985,-83,4902,59,-1,58,32,0,32,5681,15,40251,15,8321,-6,290,80004,5915,7.39338033098345,7.3
2021-03-17,1173487,25330,16165,5924,70,188,12,38,0,593,77,9414,1588,2642,5703,372,44104,200,38,3317,131,9272,568,491,1424,36,194,5974,-50,5924,70,0,70,47,-1,46,5773,40,40291,22,8343,-2,279,82885,6633,8.00265428002654,7.4
2021-03-18,1179612,25402,16198,6125,72,233,13,51,0,600,76,9465,1636,2652,5737,365,44315,246,51,3330,131,9323,564,477,1436,29,205,6187,-62,6125,73,-1,72,33,0,33,5889,61,40352,5,8348,-1,277,75276,6104,8.10882618630108,7.8
2021-03-19,1186987,25476,16244,7375,74,216,9,48,0,612,76,9513,1644,2661,5776,348,44510,225,48,3339,131,9371,579,480,1462,46,237,7425,-50,7375,74,0,74,46,0,46,6083,47,40399,26,8374,-3,268,71553,6176,8.63136416362696,8.2
2021-03-20,1194580,25539,16260,7593,63,167,1,38,0,617,77,9551,1592,2671,5784,361,44640,168,38,3340,131,9409,602,456,1445,54,268,7668,-75,7593,63,0,63,18,-2,16,6257,22,40421,4,8378,-1,260,63712,5545,8.70322702159719,8.5
2021-03-21,1201545,25607,16275,6965,68,190,5,54,0,639,77,9605,1642,2676,5787,379,44806,195,54,3345,131,9463,611,408,1462,31,194,7025,-60,6965,70,-2,68,15,0,15,6402,47,40468,2,8380,-2,261,63497,5572,8.77521772682174,8.7
2021-03-22,1207806,25668,16290,6261,61,273,10,42,0,651,77,9647,1782,2684,5828,374,45051,283,42,3355,131,9505,638,443,1555,50,167,6340,-79,6261,62,-1,61,15,0,15,6515,5,40473,2,8382,-10,253,86233,6644,7.70470701471594,8.3
2021-03-23,1213366,25747,16339,5560,79,214,15,40,0,643,77,9687,1752,2693,5864,368,45255,229,40,3370,131,9545,623,475,1575,32,282,5636,-76,5560,79,0,79,49,0,49,6608,23,40496,10,8392,-3,239,88138,7043,7.99087794141006,8.1
2021-03-24,1220945,25809,16371,7579,62,233,8,40,2,647,77,9729,1764,2699,5901,366,45465,241,42,3378,133,9585,625,483,1562,37,219,7624,-45,7579,64,-2,62,31,1,32,6844,35,40531,6,8398,-2,232,89143,7399,8.3001469548927,8
2021-03-25,1228647,25901,16396,7702,92,226,16,60,0,667,77,9789,1765,2711,5928,376,45662,242,60,3394,133,9645,619,471,1573,34,249,7740,-38,7702,93,-1,92,25,0,25,7065,30,40561,3,8401,-5,225,83499,7508,8.99172445178984,8.4
2021-03-26,1236209,25980,16421,7562,79,268,10,60,0,675,77,9849,1795,2721,5960,377,45891,278,60,3404,133,9705,625,460,1596,44,240,7644,-82,7562,79,0,79,25,0,25,7097,23,40584,2,8403,-6,218,74967,6906,9.21205330345352,8.8
2021-03-27,1245007,26046,16450,8798,66,149,16,39,0,674,77,9888,1744,2726,5972,392,46027,165,39,3420,133,9744,643,452,1595,51,296,8868,-70,8798,66,0,66,29,0,29,7268,57,40641,14,8417,-1,220,66008,5912,8.95649012240941,9.1
2021-03-28,1252437,26119,16465,7430,73,178,14,35,2,681,77,9925,1775,2733,5979,401,46188,192,37,3434,135,9779,655,402,1593,41,182,7513,-83,7430,73,0,73,15,0,15,7338,15,40656,4,8421,-4,219,62279,5154,8.27566274346088,8.8
2021-03-29,1259155,26174,16475,6718,55,273,44,48,0,704,77,9973,1944,2742,6005,409,46468,317,48,3478,135,9827,675,431,1667,36,188,6824,-106,6718,56,-1,55,10,0,10,7407,15,40671,3,8424,-8,213,NA,NA,NA,NA
2021-03-30,1264983,26240,16509,5828,66,19,16,15,3,676,77,9991,1762,2743,6009,413,46490,35,18,3494,138,9842,682,453,1728,50,293,5909,-81,5828,66,0,66,36,-2,34,7446,18,40689,4,8428,-6,207,NA,NA,NA,NA
